Date,Open,High,Low,Close,Adj Close,Volume,UNRATE,FEDFUNDS,GDP_GROWTH,CSI,VIX,EMA12,EMA3,MACD,VWMA,RSI,STOCH
1991-02-01,343.910004,370.959991,340.369995,367.070007,367.070007,4303170000,0.066,0.0625,-0.00812777201560567,0.7040000000000001,21.04,339.0178842820513,350.5053923268229,11.48750804477163,337.89323447267435,0.6560838666078661,0.505321593736862
1991-03-01,367.070007,379.660004,363.730011,375.220001,375.220001,3927920000,0.068,0.061200000000000004,-0.006756887351938245,0.877,20.86,344.58744070019725,362.8626966634115,18.27525596321425,341.26134704635575,0.6813836229038037,0.6814213189775893
1991-04-01,375.220001,391.26001,370.269989,375.339996,375.339996,4017200000,0.067,0.0591,-0.005389307958117143,0.818,17.42,349.31860305401307,369.1013463317057,19.782743277692646,345.1490506650888,0.6817596450816498,0.8184535197099022
1991-05-01,375.350006,389.850006,365.829987,389.829987,389.829987,3739700000,0.069,0.057800000000000004,-0.003934923066840479,0.7829999999999999,17.77,355.551123661088,379.46566666585284,23.914543004764823,347.6961155888064,0.7245786435327934,0.8949441825847606
1991-06-01,389.809998,389.809998,367.980011,371.160004,371.160004,3258730000,0.069,0.059000000000000004,-0.002481183458393748,0.821,16.87,357.95248986707446,375.3128353329264,17.360345465851935,348.7014213572059,0.6093383993709277,0.9015415101933547
1991-07-01,371.179993,387.809998,370.920013,387.809998,387.809998,3481570000,0.068,0.0582,-0.0010280887034219573,0.8290000000000001,18.64,362.54595265675533,381.5614166664632,19.01546400970784,351.2814396267109,0.6616860573796264,0.9022702085452237
1991-08-01,387.809998,396.820007,374.089996,395.429993,395.429993,3713820000,0.069,0.056600000000000004,0.003176855597852261,0.82,15.47,367.6050357864853,388.49570483323157,20.890669046746268,357.8214155741852,0.6829000251557896,0.898864145011598
1991-09-01,395.429993,397.619995,382.769989,387.859985,387.859985,3260990000,0.069,0.0545,0.007407477079632302,0.83,16.57,370.7211818193337,388.17784491661575,17.456663097282046,363.2964668977189,0.6394454298887944,0.9235459386920535
1991-10-01,387.859985,393.809998,376.109985,392.450012,392.450012,4082380000,0.07,0.0521,0.011664011655910606,0.7829999999999999,14.81,374.06407877020547,390.3139284583079,16.249849688102415,371.0001656777513,0.6540084527762521,0.928462498685639
1991-11-01,392.459991,398.220001,371.630005,375.220001,375.220001,3737620000,0.07,0.0481,0.017288169843165748,0.691,15.6,374.24191295940466,382.766964729154,8.525051769749325,374.82449502443734,0.561187248813433,0.8611726023319494
1991-12-01,375.109985,418.320007,371.359985,417.089996,417.089996,4155310000,0.073,0.0443,0.02292992808369165,0.682,20.18,380.8339257348809,399.928480364577,19.09455462969612,381.76450942647523,0.6811519579748857,0.7927665619442414
1992-01-01,417.029999,421.179993,408.640015,408.779999,408.779999,5286280000,0.073,0.0403,0.0285893691224886,0.675,18.95,385.1333216218223,404.3542396822885,19.220918060466204,387.75400605953234,0.6430865729180713,0.7152603963376459
1992-02-01,408.790009,418.079987,406.339996,412.700012,412.700012,4267610000,0.07400000000000001,0.0406,0.0296310715990216,0.688,18.2,389.3743509107727,408.52712584114425,19.15277493037155,391.91915015328834,0.6530638263423165,0.7664687629452416
1992-03-01,412.679993,413.779999,401.940002,403.690002,403.690002,4066240000,0.07400000000000001,0.0398,0.03066738738171978,0.76,16.88,391.57675877065384,406.1085639205721,14.531805149918284,394.32964892803307,0.6102869998166396,0.7719333620342117
1992-04-01,403.670013,416.279999,392.410004,414.950012,414.950012,4315840000,0.07400000000000001,0.0373,0.03169835814511376,0.772,16.48,395.17264388286094,410.52928796028607,15.35664407742513,397.8190528772088,0.6422356193649982,0.803253782170912
1992-05-01,414.950012,418.75,409.850006,415.350006,415.350006,3643980000,0.076,0.0382,0.03335574599404791,0.792,16.61,398.2768534393439,412.93964698014304,14.662793540799157,399.8025184650895,0.6433686196532855,0.7828981174671911
1992-06-01,415.350006,417.299988,399.920013,408.140015,408.140015,4259830000,0.078,0.037599999999999995,0.03500756875643853,0.804,14.43,399.794262910214,410.53983099007155,10.745568079857549,402.47189105778506,0.605652562396656,0.8081875409944719
1992-07-01,408.200012,424.799988,407.200012,424.209991,424.209991,4265220000,0.077,0.0325,0.03665385441452283,0.7659999999999999,13.34,403.5505287701811,417.37491099503575,13.824382224854673,405.40255732969973,0.6548500865180601,0.8351470113795783
1992-08-01,424.190002,425.140015,408.299988,414.029999,414.029999,3653820000,0.076,0.033,0.03905026995395226,0.7609999999999999,13.83,405.16275495938396,415.70245499751786,10.539700038133901,406.8018686852531,0.6028731216967833,0.8474466201870426
1992-09-01,414.029999,425.269989,412.709991,417.799988,417.799988,4023850000,0.076,0.0322,0.04144113001372809,0.7559999999999999,13.4,407.1069446579403,416.7512214987589,9.644276840818634,408.9326641010521,0.6152118918739398,0.8539867818187491
1992-10-01,417.799988,421.160004,396.799988,418.679993,418.679993,4507010000,0.073,0.031,0.04382645388993275,0.733,16.31,408.8874136336418,417.71560724937945,8.828193615737632,411.1489648894157,0.6182323673617308,0.8268028542659276
1992-11-01,418.660004,431.929993,415.579987,431.350006,431.350006,4148770000,0.07400000000000001,0.030899999999999997,0.04025582617941256,0.853,16.67,412.34319707462,424.5328066246897,12.189609550069747,415.4597393276215,0.6601349388822391,0.8308931849838704
1992-12-01,431.350006,442.649994,428.609985,435.709991,435.709991,4876150000,0.07400000000000001,0.0292,0.036713472408100974,0.91,12.8,415.9380884477554,430.12139881234486,14.183310364589488,417.2519981163281,0.6735845216273691,0.8410699120153757
1993-01-01,435.700012,442.660004,426.880005,438.779999,438.779999,5280850000,0.073,0.0302,0.033199058070509914,0.893,13.36,419.45222853271605,434.4506989061724,14.998470373456371,420.3405591465533,0.6832141846687996,0.8851854983901336
1993-02-01,438.779999,450.040009,428.25,443.380005,443.380005,5442450000,0.071,0.030299999999999997,0.03147594382520429,0.866,12.33,423.13342491229815,438.9153519530862,15.781927040788048,423.3509599808873,0.6977875595263489,0.8957094272044585
1993-03-01,443.380005,456.76001,441.070007,451.670013,451.670013,5766950000,0.07,0.030699999999999998,0.029765196042726032,0.8590000000000001,13.6,427.5236692334831,445.29268247654306,17.769013243059987,427.8404311194071,0.7228537601908345,0.9022395806518388
1993-04-01,451.670013,452.630005,432.299988,440.190002,440.190002,5853170000,0.071,0.0296,0.02806668207145946,0.856,13.02,429.4723358129472,442.7413422382715,13.269006425324278,430.13605958683536,0.642365210545098,0.8745821917883906
1993-05-01,440.190002,454.549988,436.859985,450.190002,450.190002,5108640000,0.071,0.03,0.026321443080969766,0.8029999999999999,12.9,432.6596690724938,446.4656721191358,13.80600304664199,432.86970969398345,0.6765859077557664,0.8609180195764311
1993-06-01,450.230011,455.630005,442.5,450.529999,450.529999,5544400000,0.07,0.0304,0.02458762544294564,0.815,13.67,435.40895059980244,448.4978355595679,13.088884959765437,436.34594629042095,0.6777296629357825,0.8392249489115494
1993-07-01,450.540009,451.149994,441.399994,448.130005,448.130005,5308530000,0.069,0.030600000000000002,0.02286511740606611,0.77,11.51,437.36603589214053,448.31392027978393,10.947884387643398,438.26679542011124,0.6597622628990361,0.8462572904130155
1993-08-01,448.130005,463.559998,446.940002,463.559998,463.559998,5506200000,0.068,0.030299999999999997,0.023943198666768077,0.773,11.47,441.3958762164266,455.936959139892,14.54108292346541,441.9793190063517,0.7131071294345375,0.8637398923251572
1993-09-01,463.549988,463.799988,449.640015,458.929993,458.929993,5552720000,0.067,0.030899999999999997,0.025013836456708877,0.779,11.48,444.09343264466867,457.433476069946,13.340043425277315,445.0227054619253,0.6782948117036611,0.8802234828838273
1993-10-01,458.929993,471.100006,456.399994,467.829987,467.829987,5940460000,0.068,0.029900000000000003,0.02607710759938204,0.8270000000000001,11.83,447.7452102377965,462.631731534973,14.8865212971765,448.9744452087606,0.7081696417457047,0.9040927875842741
1993-11-01,467.829987,469.109985,454.359985,461.790009,461.790009,5876610000,0.066,0.0302,0.028823479689303502,0.812,11.78,449.90594850890477,462.2108702674865,12.304921758581713,451.2214670667699,0.6626139979728128,0.8891263804080266
1993-12-01,461.929993,471.290009,461.450012,466.450012,466.450012,5791210000,0.065,0.0296,0.03156679858011049,0.882,13.83,452.45118904599633,464.33044113374325,11.87925208774692,453.6676762429333,0.6799429266084829,0.8781351404602414
1994-01-01,466.51001,482.850006,464.359985,481.609985,481.609985,6627390000,0.066,0.0305,0.034307069360431756,0.943,12.57,456.9371576543046,472.9702130668716,16.033055412567023,457.5290502468387,0.7292888797219688,0.8578212027207825
1994-02-01,481.600006,482.230011,464.26001,467.140015,467.140015,5853100000,0.066,0.0325,0.036967012396857,0.932,10.65,458.5068280151808,470.0551140334358,11.548286018254998,459.46795045371374,0.6284050536322053,0.8487168205753268
1994-03-01,467.190002,471.089996,436.160004,445.769989,445.769989,7225010000,0.065,0.0334,0.03961667173542705,0.915,15.83,456.54731432053757,457.91255151671794,1.3652371961803738,458.69861632378957,0.5138780277665672,0.7642998914190016
1994-04-01,445.660004,452.790009,435.859985,450.910004,450.910004,5735010000,0.064,0.0356,0.04225610689832266,0.9259999999999999,23.87,455.68003580968565,454.411277758359,-1.2687580513266425,459.6072355723178,0.5360637961672411,0.6018711484185113
1994-05-01,450.910004,457.769989,440.779999,456.5,456.5,5675970000,0.061,0.0401,0.042628745193856954,0.9279999999999999,14.11,455.8061841466571,455.4556388791795,-0.3505452674775711,460.03863623304426,0.5598937099494607,0.4346996619892877
1994-06-01,456.5,463.230011,439.829987,444.269989,444.269989,5852670000,0.061,0.0425,0.04300020187374949,0.912,12.72,454.03138489332525,449.8628139395897,-4.168570953735525,459.48089337229766,0.49875009528620917,0.3389936587065741
1994-07-01,444.269989,459.329987,443.579987,458.26001,458.26001,4980100000,0.061,0.0426,0.04337048254936141,0.89,14.36,454.6819426020445,454.0614119697949,-0.6205306322495971,460.24808586312105,0.55886682171555,0.33319569065581367
1994-08-01,458.279999,477.589996,456.079987,475.48999,475.48999,6398750000,0.06,0.0447,0.0426275656488293,0.917,11.17,457.88318066326843,464.7757009848974,6.892520321628979,461.35694046167197,0.6200852461395754,0.39249495594441697
1994-09-01,475.48999,475.48999,458.470001,462.709991,462.709991,6152870000,0.059000000000000004,0.0473,0.04189132473209465,0.915,11.86,458.62576686891947,463.7428459924487,5.117079123529209,461.6592780121096,0.557484458552595,0.4983803168667568
1994-10-01,462.690002,474.73999,449.269989,472.350006,472.350006,6344700000,0.057999999999999996,0.047599999999999996,0.04116167021429891,0.927,15.44,460.7371882737011,468.04642599622434,7.309237722523221,462.08916567769194,0.5914262175091399,0.6213565013445069
1994-11-01,472.26001,472.26001,444.179993,453.690002,453.690002,6251240000,0.055999999999999994,0.0529,0.03903215527665934,0.9159999999999999,14.84,459.65300577005485,460.8682139981122,1.2152082280573495,461.3929310862619,0.5089867990797021,0.6531962457626749
1994-12-01,453.549988,462.730011,442.880005,459.269989,459.269989,6351530000,0.055,0.0545,0.03691632781010656,0.951,16.69,459.5940801131233,460.0691014990561,0.4750213859327914,460.8106095810025,0.5303430547450367,0.6402765921767994
1995-01-01,459.209991,471.359985,457.200012,470.420013,470.420013,6852060000,0.055999999999999994,0.0553,0.03481405627291996,0.976,14.25,461.2596082495659,465.24455724952804,3.984948999962171,459.83329965614763,0.5710158794906852,0.5954627247210492
1995-02-01,470.420013,489.190002,469.290009,487.390015,487.390015,6330100000,0.054000000000000006,0.0592,0.03118493879360803,0.951,11.73,465.27967082655573,476.317286124764,11.037615298208266,461.60902198199784,0.6249438991952989,0.6564669097303234
1995-03-01,487.390015,508.149994,479.700012,500.709991,500.709991,7792400000,0.054000000000000006,0.059800000000000006,0.027588315193182993,0.903,11.65,470.7304893147779,488.51363856238197,17.783149247604058,467.2185260956466,0.6613924301557745,0.7547416983806972
1995-04-01,500.700012,515.289978,500.200012,514.710022,514.710022,6307030000,0.057999999999999996,0.0605,0.024023751008017034,0.925,13.5,477.49657126635054,501.611830281191,24.115259014840433,472.4391776389497,0.6953403275908938,0.8706484688822559
1995-05-01,514.76001,533.409973,513.030029,533.400024,533.400024,7555690000,0.055999999999999994,0.0601,0.024930433069408304,0.898,12.14,486.0971024561428,517.5059271405955,31.408824684452725,479.58026475414977,0.734156380504548,0.9310101223543399
1995-06-01,533.400024,551.070007,526.0,544.75,544.75,7555650000,0.055999999999999994,0.06,0.025833595299528323,0.927,12.21,495.1206251551978,531.1279635702978,36.00733841509998,488.4434613020345,0.7548485058792177,0.9614326272952921
1995-07-01,544.75,565.400024,542.51001,562.059998,562.059998,7307960000,0.057,0.058499999999999996,0.026733258155179764,0.9440000000000001,11.57,505.4189902082443,546.5939807851489,41.174990576904634,496.92010515535225,0.7829557221786306,0.9695078694548757
1995-08-01,562.059998,565.619995,553.039978,561.880005,561.880005,7146620000,0.057,0.0574,0.025142801912942273,0.9620000000000001,13.56,514.1053001762067,554.2369928925744,40.13169271636775,504.25854867495735,0.7819387637657667,0.9701700515278564
1995-09-01,561.880005,587.609985,561.01001,584.409973,584.409973,7052830000,0.055999999999999994,0.057999999999999996,0.02356440013716164,0.889,11.29,524.9214036875595,569.3234829462872,44.40207925872767,514.1675280925652,0.8147882156180987,0.9684217247027452
1995-10-01,584.409973,590.659973,571.549988,581.5,581.5,8043320000,0.055,0.0576,0.02199791629949528,0.902,13.95,533.6258031202427,575.4117414731436,41.78593835290087,523.7113521234937,0.7978530475566411,0.9634557634280838
1995-11-01,581.5,608.690002,581.039978,605.369995,605.369995,7602150000,0.055999999999999994,0.057999999999999996,0.023339472190151974,0.882,13.41,544.6633711017439,590.3908682365718,45.7274971348279,536.0342193588427,0.8295546896004253,0.9623890563050504
1995-12-01,605.369995,622.880005,605.049988,615.929993,615.929993,7697540000,0.055999999999999994,0.055999999999999994,0.024677862515482926,0.91,11.11,555.6274667783987,603.1604306182859,47.5329638398872,548.6721020798163,0.8415473140448806,0.9539899958079086
1996-01-01,615.929993,636.179993,597.289978,636.02002,636.02002,9188050000,0.055999999999999994,0.0556,0.026013098466592353,0.893,12.19,567.9955518894143,619.590225309143,51.59467341972868,563.6168990245893,0.8617374395123703,0.9591890378670435
1996-02-01,636.02002,664.22998,633.710022,640.429993,640.429993,8749960000,0.055,0.052199999999999996,0.030692609610926284,0.885,12.65,579.1393120602736,630.0101091545714,50.870797094297814,576.1673918367566,0.8658313142395283,0.9475913464177108
1996-03-01,640.429993,656.969971,627.630005,645.5,645.5,8984200000,0.055,0.053099999999999994,0.03536283252731106,0.937,16.72,589.3486486663853,637.7550545772857,48.40640591090039,589.1610529042475,0.8706353556461314,0.9287589200207749
1996-04-01,645.5,656.679993,624.140015,654.169983,654.169983,8875580000,0.055999999999999994,0.052199999999999996,0.04002379484223718,0.927,17.9,599.3211616407876,645.9625187886429,46.641357147855274,600.0900604572621,0.8787354081423144,0.891776581156779
1996-05-01,654.169983,681.099976,630.070007,669.119995,669.119995,8921140000,0.055999999999999994,0.0524,0.04018387978225271,0.894,16.07,610.0594436960511,657.5412568943215,47.4818131982704,611.6186571296572,0.8915133363615815,0.8791116428703737
1996-06-01,669.119995,680.320007,658.75,670.630005,670.630005,7930840000,0.053,0.0527,0.04034306192023952,0.924,16.86,619.3779915889662,664.0856309471608,44.70763935819457,621.6006451379444,0.8927584708870973,0.8837279441538491
1996-07-01,670.630005,675.880005,605.880005,639.950012,639.950012,8849860000,0.055,0.054000000000000006,0.04050134887177732,0.9470000000000001,13.78,622.5429178060483,652.0178214735804,29.47490366753209,627.633534745545,0.7117059711060538,0.8626108633257751
1996-08-01,639.950012,670.679993,639.48999,651.98999,651.98999,7380320000,0.051,0.052199999999999996,0.041744664848822145,0.953,18.76,627.0732366051178,652.0039057367902,24.930669131672403,634.1776672535177,0.7347366526192641,0.8059389976403485
1996-09-01,651.98999,690.880005,643.969971,687.330017,687.330017,8064070000,0.052000000000000005,0.053,0.04298237743651602,0.9470000000000001,18.47,636.3435105120227,669.666961368395,33.32345085637235,641.951627217056,0.7887694662620177,0.7491933761237267
1996-10-01,687.309998,714.099976,684.440002,705.27002,705.27002,9703670000,0.052000000000000005,0.0524,0.044214524429811226,0.965,17.05,646.9475888947884,687.4684906841976,40.52090178940921,652.7479083056288,0.8101817282064865,0.7647185760400298
1996-11-01,705.27002,762.119995,701.299988,757.02002,757.02002,8763850000,0.054000000000000006,0.053099999999999994,0.043854796427815784,0.992,17.89,663.881809064821,722.2442553420988,58.36244627727774,665.1037468962659,0.8560885802159808,0.8427177620025127
1996-12-01,757.02002,761.75,716.690002,740.73999,740.73999,9089170000,0.054000000000000006,0.0529,0.04349685586198519,0.9690000000000001,17.93,675.7061445933101,731.4921226710494,55.78597807773929,675.3045159560918,0.7904795603266861,0.9033224130099022
1997-01-01,740.73999,794.669983,729.549988,786.159973,786.159973,11635830000,0.053,0.0525,0.04314068944306982,0.9740000000000001,21.14,692.6990412712623,758.8260478355247,66.12700656426239,690.7403876154729,0.8301073437003965,0.9313554904811754
1997-02-01,786.159973,817.679993,773.429993,790.820007,790.820007,9715930000,0.052000000000000005,0.0519,0.043131262241353205,0.997,19.58,707.7945744602989,774.8230274177624,67.02845295746351,703.8302044651917,0.8336292757255818,0.9139589094670175
1997-03-01,790.820007,814.900024,756.130005,757.119995,757.119995,10120760000,0.052000000000000005,0.053899999999999997,0.04312193871378882,1.0,20.89,715.3831006971759,765.9715112088812,50.58841051170532,713.5814512064807,0.7164567311710212,0.8909867955481292
1997-04-01,757.119995,804.130005,733.539978,801.340027,801.340027,10454880000,0.051,0.055099999999999996,0.04311271715951879,1.014,20.84,728.6072432053027,783.6557691044407,55.048525899137985,726.6413123537343,0.7639502188716721,0.858776998466481
1997-05-01,801.340027,851.869995,793.210022,848.280029,848.280029,10106650000,0.049,0.055,0.0443313761423581,1.032,19.87,747.0184410198715,815.9678990522203,68.94945803234884,742.225113508634,0.8022978636614156,0.8492033907689023
1997-06-01,848.280029,902.090027,838.820007,885.140015,885.140015,10857950000,0.05,0.0556,0.04554279059427833,1.045,20.85,768.2679139398913,850.5539570261101,82.2860430862188,760.6974674940975,0.8264502335128845,0.8793122373256314
1997-07-01,885.140015,957.72998,884.539978,954.309998,954.309998,11958120000,0.049,0.0552,0.04674702492340355,1.071,21.0,796.8897730260619,902.431977513055,105.54220448699311,789.4102845869419,0.8611703824470344,0.9233084011688565
1997-08-01,954.289978,964.169983,893.340027,899.469971,899.469971,10606100000,0.048,0.0554,0.04610546379414824,1.044,22.29,812.6713419451294,900.9509742565275,88.27963231139813,807.4278283728162,0.7341406534174466,0.9280026176487877
1997-09-01,899.469971,960.590027,899.469971,947.280029,947.280029,11383000000,0.049,0.0554,0.045468313315844736,1.06,24.53,833.3803707228018,924.1155016282637,90.73513090546192,828.0106172884359,0.7668493401279618,0.9102341743057418
1997-10-01,947.280029,983.119995,855.27002,914.619995,914.619995,14017260000,0.047,0.055,0.04483552816031212,1.056,22.32,845.8787744577553,919.3677483141319,73.48897385637656,846.696576114405,0.7024457759867184,0.8547449589662528
1997-11-01,914.619995,964.549988,900.609985,955.400024,955.400024,10173620000,0.046,0.0552,0.04608076555561229,1.072,32.09,862.7281974642544,937.383886157066,74.65568869281151,861.2356944001216,0.7329911198140033,0.8430931272117409
1997-12-01,955.400024,986.25,924.919983,970.429993,970.429993,11958880000,0.047,0.055,0.047320667708170186,1.021,26.01,879.2977044697537,953.906939578533,74.60923510877922,879.2901787280904,0.7435748470089026,0.8318299967053714
1998-01-01,970.429993,992.650024,912.830017,980.280029,980.280029,12733830000,0.046,0.0556,0.04855526883310864,1.0659999999999998,23.42,894.8334467051762,967.0934842892665,72.26003758409024,896.962549504172,0.7506413676640474,0.8731848226479506
1998-02-01,980.280029,1051.660034,980.280029,1049.339966,1049.339966,11656550000,0.046,0.055099999999999996,0.045984743693698524,1.104,21.36,918.6036804428414,1008.2167251446333,89.61304470179186,917.601511650435,0.7940506293665923,0.9089615458502196
1998-03-01,1049.339966,1113.069946,1030.869995,1101.75,1101.75,13719590000,0.047,0.054900000000000004,0.04344244179727875,1.065,19.19,946.7800372977889,1054.9833625723168,108.20332527452786,947.3282379853479,0.8199937597179902,0.9457721003856011
1998-04-01,1101.75,1132.97998,1076.699951,1111.75,1111.75,13656060000,0.043,0.0545,0.04092790086335225,1.087,23.37,972.1600315596676,1083.3666812861584,111.20664972649081,973.7351958182508,0.8245929674890071,0.9573759452794002
1998-05-01,1111.75,1130.52002,1074.390015,1090.819946,1090.819946,11477140000,0.044000000000000004,0.054900000000000004,0.04096373762001334,1.065,19.34,990.4154030120264,1087.0933136430792,96.67791063105278,991.8472897461502,0.7791392447851925,0.9421932784927104
1998-06-01,1090.819946,1145.150024,1074.670044,1133.839966,1133.839966,13551970000,0.045,0.0556,0.04099927854139602,1.056,22.83,1012.4807203947915,1110.4666398215395,97.98591942674796,1012.8348195240707,0.8034347231216296,0.9254774844364192
1998-07-01,1133.839966,1190.579956,1114.300049,1120.670044,1120.670044,14194800000,0.045,0.0554,0.04103452727565772,1.052,18.0,1029.1252317186697,1115.5683419107697,86.4431101921,1027.7919993790304,0.7749645635660495,0.8920701255447709
1998-08-01,1120.670044,1121.790039,957.280029,957.280029,957.280029,15071550000,0.045,0.0555,0.043648192147473015,1.044,25.98,1018.0721236081051,1036.4241854553848,18.35206184727963,1029.7339443283026,0.5237697818043894,0.7978585367059371
1998-09-01,957.280029,1066.109985,939.97998,1017.01001,1017.01001,16714080000,0.046,0.055099999999999996,0.04624706320097811,1.0090000000000001,36.48,1017.9087215145505,1026.7170977276924,8.808376213141855,1034.3015237185994,0.5782833869129574,0.6380034415493268
1998-10-01,1017.01001,1103.780029,923.320007,1098.670044,1098.670044,18001650000,0.045,0.0507,0.04883126568525761,0.9740000000000001,43.48,1030.3335403584658,1062.6935708638462,32.36003050538034,1051.7120666768078,0.6397812481769087,0.48501985717258544
1998-11-01,1098.670044,1192.969971,1098.670044,1163.630005,1163.630005,13451280000,0.044000000000000004,0.0483,0.048607148279556596,1.0270000000000001,27.26,1050.8406887648557,1113.161787931923,62.32109916706736,1066.6667620876485,0.6802462619628507,0.4897370558266252
1998-12-01,1163.630005,1244.930054,1136.890015,1229.22998,1229.22998,15181450000,0.044000000000000004,0.046799999999999994,0.048384520628535876,1.005,24.97,1078.285195108724,1171.1958839659615,92.91068885723735,1088.028136302577,0.7154593544498279,0.6235648557487753
1999-01-01,1229.22998,1280.369995,1205.459961,1279.640015,1279.640015,16213500000,0.043,0.0463,0.0481633679273398,1.0390000000000001,26.17,1109.262859707382,1225.4179494829807,116.15508977559875,1113.9333657574941,0.7395077055672167,0.8067988809010979
1999-02-01,1279.640015,1283.839966,1211.890015,1238.329956,1238.329956,14555860000,0.044000000000000004,0.047599999999999996,0.047846594701594525,1.081,27.67,1129.1193360600923,1231.8739527414905,102.75461668139815,1128.5169663630074,0.6875585985555703,0.9068570078251992
1999-03-01,1238.329956,1323.819946,1216.030029,1286.369995,1286.369995,18002500000,0.042,0.0481,0.04753176437331053,1.057,28.37,1153.3117451277703,1259.1219738707453,105.81022874297491,1146.3375259356853,0.713124706977135,0.9379386664086826
1999-04-01,1286.369995,1371.560059,1282.560059,1335.180054,1335.180054,18523200000,0.043,0.047400000000000005,0.04721885912228042,1.046,22.06,1181.2914849542672,1297.1510139353727,115.85952898110554,1167.805673133589,0.7369797285206101,0.9222458813431426
1999-05-01,1335.180054,1375.97998,1277.310059,1301.839966,1301.839966,15880260000,0.042,0.047400000000000005,0.047451562351538856,1.068,24.15,1199.837405115149,1299.4954899676864,99.65808485253729,1183.7137854231894,0.6939787061207932,0.9043168415709996
1999-06-01,1301.839966,1372.930054,1277.469971,1372.709961,1372.709961,16079170000,0.043,0.047599999999999996,0.047682328773187344,1.073,26.62,1226.4331829435878,1336.1027254838432,109.6695425402554,1203.0748303691912,0.7304496764417203,0.9009405677000689
1999-07-01,1372.709961,1420.329956,1328.48999,1328.719971,1328.719971,15332930000,0.043,0.0499,0.047911182467322816,1.06,19.69,1242.1696118753434,1332.4113482419216,90.24173636657815,1219.1168428849046,0.6759039561156619,0.8837282295582786
1999-08-01,1328.719971,1382.839966,1267.72998,1320.410034,1320.410034,15818550000,0.042,0.0507,0.04802052364657377,1.045,25.59,1254.2065998945213,1326.4106911209608,72.20409122643946,1247.754113478515,0.6656602889641081,0.849717512004165
1999-09-01,1320.410034,1361.390015,1256.26001,1282.709961,1282.709961,16438700000,0.042,0.052199999999999996,0.048128704266605773,1.072,22.93,1258.5917323722872,1304.5603260604803,45.968593688193096,1270.6573895475242,0.6192146727206523,0.7357578751200513
1999-10-01,1282.709961,1373.170044,1233.699951,1362.930054,1362.930054,18832000000,0.040999999999999995,0.052000000000000005,0.048235742707329665,1.032,24.93,1274.643781853474,1333.74519003024,59.1014081767662,1295.533874246384,0.6722919588678566,0.645472374879066
1999-11-01,1362.930054,1425.310059,1346.410034,1388.910034,1388.910034,18384820000,0.040999999999999995,0.0542,0.04622718235503384,1.072,22.09,1292.2232052606316,1361.32761201512,69.10440675448831,1313.0550961661063,0.6876728822677682,0.5960018327593913
1999-12-01,1388.910034,1473.099976,1387.380005,1469.25,1469.25,19640690000,0.04,0.053,0.0442311231055607,1.054,22.23,1319.458096758996,1415.28880600756,95.83070924856406,1334.3624896147248,0.7303654472520299,0.6862707114461029
2000-01-01,1469.25,1478.0,1350.140015,1394.459961,1394.459961,21494400000,0.04,0.0545,0.04224744861233042,1.12,24.21,1330.9968451037657,1404.8743835037799,73.87753840001415,1344.7891802880056,0.6413368688119943,0.7680947750530371
2000-02-01,1394.459961,1444.550049,1325.069946,1366.420044,1366.420044,20912000000,0.040999999999999995,0.057300000000000004,0.045665351455149696,1.113,23.45,1336.4465680108788,1385.64721375189,49.20064574101116,1354.0859084287965,0.6108812425178819,0.7986522117285717
2000-03-01,1366.420044,1552.869995,1346.619995,1498.579956,1498.579956,26156200000,0.04,0.058499999999999996,0.04906433909274478,1.071,21.64,1361.3901661630512,1442.113584875945,80.72341871289382,1376.4511401264447,0.6872463959507958,0.7427191726051682
2000-04-01,1498.579956,1527.189941,1339.400024,1452.430054,1452.430054,20106460000,0.038,0.0602,0.052444568111355026,1.092,24.03,1375.396302753351,1447.2718194379725,71.87551668462152,1386.6349791056712,0.6394413866360799,0.6972132210012334
2000-05-01,1452.430054,1481.51001,1361.089966,1420.599976,1420.599976,19898300000,0.04,0.06269999999999999,0.04816966085077241,1.107,25.88,1382.3507140220663,1433.9358977189863,51.58518369692001,1395.4628428227213,0.6076388368958868,0.6878315023284042
2000-06-01,1420.599976,1488.930054,1420.599976,1454.599976,1454.599976,21738300000,0.04,0.0653,0.04393220936261652,1.064,22.36,1393.4659850955945,1444.2679368594931,50.801951763898614,1402.497409941636,0.6291324678731386,0.6802521109539803
2000-07-01,1454.599976,1517.319946,1413.890015,1430.829956,1430.829956,19089100000,0.04,0.0654,0.03973172352551904,1.083,19.83,1399.214288311657,1437.5489464297466,38.33465811808969,1409.507893681799,0.6039017697035514,0.645082958171852
2000-08-01,1430.829956,1525.209961,1425.430054,1517.680054,1517.680054,20363700000,0.040999999999999995,0.065,0.03613441864252906,1.073,20.55,1417.439790725248,1477.6145002148733,60.17470948962523,1424.3695063771702,0.6584922656838628,0.6340945530766445
2000-09-01,1517.680054,1530.089966,1419.439941,1436.51001,1436.51001,20838300000,0.039,0.0652,0.03257603458358508,1.068,17.53,1420.3736706136713,1457.0622551074366,36.68858449376535,1434.8024895107217,0.5773630702212834,0.6158715275380923
2000-10-01,1436.52002,1454.819946,1305.790039,1429.400024,1429.400024,25951400000,0.039,0.06509999999999999,0.029055943095086908,1.058,21.23,1421.762340365414,1443.2311395537183,21.468799188304274,1439.5684975667907,0.5706448548566453,0.6262105737374418
2000-11-01,1429.400024,1438.459961,1294.900024,1314.949951,1314.949951,20532300000,0.039,0.06509999999999999,0.026689944242691995,1.0759999999999998,24.28,1405.3296650784273,1379.0905452768593,-26.239119801567995,1433.2294847915623,0.47382604523218985,0.5223560566232507
2000-12-01,1314.949951,1389.050049,1254.069946,1320.280029,1320.280029,23610800000,0.039,0.064,0.024329654041813885,0.9840000000000001,27.48,1392.245105681746,1349.6852871384297,-42.559818543316396,1420.2858410972833,0.478322826040709,0.4133436932971622
2001-01-01,1320.280029,1383.369995,1274.619995,1366.01001,1366.01001,27829800000,0.042,0.059800000000000006,0.0219750518567068,0.9470000000000001,29.99,1388.2089371153236,1357.847648569215,-30.361288546108653,1416.7080195902167,0.516960505092836,0.2898036294026315
2001-02-01,1366.01001,1376.380005,1215.439941,1239.939941,1239.939941,21644400000,0.042,0.054900000000000004,0.017922705842228416,0.9059999999999999,21.66,1365.3983223283506,1298.8937947846075,-66.50452754374305,1406.3464024905172,0.42278671330183365,0.2515905749214249
2001-03-01,1239.939941,1267.420044,1081.189941,1160.329956,1160.329956,27806610000,0.043,0.053099999999999994,0.013918972828713643,0.915,28.08,1333.8493428932197,1229.6118753923038,-104.23746750091595,1371.9995673423227,0.3756460555941459,0.23401646024751688
2001-04-01,1160.329956,1269.300049,1091.98999,1249.459961,1249.459961,25409990000,0.044000000000000004,0.048,0.009962983270431033,0.884,31.21,1320.8663610634935,1239.535918196152,-81.33044286734162,1354.7783126709915,0.4504806253074398,0.22355700598462083
2001-05-01,1249.459961,1315.930054,1232.0,1255.819946,1255.819946,24525900000,0.043,0.0421,0.008271628297959802,0.92,24.2,1310.8592202844945,1247.6779320980759,-63.18128818641867,1341.4011587286154,0.45556036968049235,0.2476543244574562
2001-06-01,1255.819946,1286.619995,1203.030029,1224.380005,1224.380005,24748030000,0.045,0.0397,0.0065814219062148875,0.9259999999999999,21.59,1297.5547256253415,1236.028968549038,-61.525757076303535,1322.4290085186228,0.43392863484299804,0.3018093313221472
2001-07-01,1224.420044,1239.780029,1165.540039,1211.22998,1211.22998,23793710000,0.046,0.0377,0.004892362925610953,0.924,18.76,1284.2739955291352,1223.629474274519,-60.644521254616166,1306.0031843770125,0.4247265083596911,0.35816808526914407
2001-08-01,1211.22998,1226.27002,1124.869995,1133.579956,1133.579956,23359200000,0.049,0.0365,0.0038150403562864994,0.915,20.56,1261.0902971400374,1178.6047151372595,-82.48558200277785,1277.255794970377,0.3736792473518563,0.35563837867849407
2001-09-01,1133.579956,1155.400024,944.75,1040.939941,1040.939941,25025290000,0.05,0.030699999999999998,0.0027419888096287728,0.818,25.85,1227.2210115800317,1109.7723280686298,-117.4486835114019,1245.8782102550058,0.32313289383551486,0.3118996069103075
2001-10-01,1040.939941,1110.609985,1026.76001,1059.780029,1059.780029,29951280000,0.053,0.024900000000000002,0.0016731829373149245,0.8270000000000001,32.32,1201.460860413873,1084.776178534315,-116.68468187955796,1211.2194791543218,0.34285374958104414,0.2585370684520733
2001-11-01,1059.780029,1163.380005,1054.310059,1139.449951,1139.449951,26330000000,0.055,0.0209,0.005564452490640183,0.8390000000000001,32.31,1191.9207205040464,1112.1130647671575,-79.80765573688882,1197.9989068150367,0.42071393830256665,0.2688646678159199
2001-12-01,1139.449951,1173.619995,1114.530029,1148.079956,1148.079956,25128570000,0.057,0.0182,0.009464244358127078,0.888,25.77,1185.1759875034238,1130.0965103835788,-55.07947711984502,1184.4446299743317,0.4287125264562133,0.3339068192101714
2002-01-01,1148.079956,1176.969971,1081.660034,1130.199951,1130.199951,29746200000,0.057,0.0173,0.013372586567694487,0.93,22.71,1176.7181357336663,1130.1482306917894,-46.56990504187684,1162.7627778851415,0.41573818504775095,0.4356825483071118
2002-02-01,1130.199951,1130.199951,1074.359985,1106.72998,1106.72998,26047600000,0.057,0.0174,0.013332822364235488,0.907,21.12,1165.950727159256,1118.4391053458949,-47.51162181336122,1152.7267070554124,0.3984699404574767,0.4924465268487288
2002-03-01,1106.72998,1173.939941,1106.72998,1147.390015,1147.390015,26563200000,0.057,0.0173,0.013293223026791747,0.9570000000000001,19.96,1163.095232980909,1132.9145601729474,-30.180672807961628,1151.5897229661903,0.44225329614459924,0.5281616222863839
2002-04-01,1147.390015,1147.839966,1063.459961,1076.920044,1076.920044,28568900000,0.059000000000000004,0.0175,0.013253787532159845,0.93,18.73,1149.8375115992308,1104.9173020864737,-44.92020951275708,1136.8660428764626,0.3887536299607229,0.5346259865327392
2002-05-01,1076.920044,1106.589966,1048.959961,1067.140015,1067.140015,26905500000,0.057999999999999996,0.0175,0.01598359451857129,0.9690000000000001,20.06,1137.1148198147337,1086.0286585432368,-51.08616127149685,1121.7048846964763,0.38176170172095475,0.552643131802409
2002-06-01,1067.140015,1070.73999,952.919983,989.820007,989.820007,29981510000,0.057999999999999996,0.0175,0.018720712149016026,0.924,23.37,1114.4540793816977,1037.9243327716185,-76.5297466100792,1101.4961250927995,0.3304957838683418,0.49719339304951404
2002-07-01,989.820007,994.460022,775.679993,911.619995,911.619995,42228720000,0.057999999999999996,0.0173,0.021465169830615423,0.8809999999999999,27.11,1083.2488356306674,974.7721638858093,-108.4766717448581,1070.218678349253,0.287847434023665,0.43056651697900755
2002-08-01,911.619995,965.0,833.440002,916.070007,916.070007,29298400000,0.057,0.0174,0.020950923193396385,0.8759999999999999,36.95,1057.5290158413338,945.4210854429047,-112.10793039842918,1052.8768368585575,0.29350705129734284,0.33833582719405425
2002-09-01,916.070007,924.02002,800.200012,815.280029,815.280029,27723710000,0.057,0.0175,0.020437616849381123,0.861,39.97,1020.2599409426671,880.3505572214524,-139.90938372121468,1034.8314500691708,0.2453328564757439,0.2967869421293911
2002-10-01,815.280029,907.440002,768.630005,885.76001,885.76001,37856310000,0.057,0.0175,0.019925248221954676,0.8059999999999999,34.12,999.5676438745645,883.0552836107262,-116.51236026383833,1016.899576039903,0.3293089082782445,0.2642337087584685
2002-11-01,885.76001,941.820007,872.049988,936.309998,936.309998,29200960000,0.059000000000000004,0.0134,0.018875216059689323,0.8420000000000001,29.3,989.8356983554007,909.682640805363,-80.15305755003772,1001.367075159987,0.383025797511192,0.25846468969615144
2002-12-01,936.309998,954.280029,869.450012,879.820007,879.820007,25993640000,0.06,0.0124,0.01783100612421483,0.867,27.46,972.9102073776468,894.7513239026815,-78.15888347496525,982.3560862182816,0.3489539670463672,0.28164530177836844
2003-01-01,879.820007,935.049988,840.340027,855.700012,855.700012,30749580000,0.057999999999999996,0.0124,0.016792570124718333,0.8240000000000001,25.39,954.8778696272396,875.2256679513407,-79.65220167589894,959.3929174802628,0.3350705009415861,0.30687193096754706
2003-02-01,855.700012,864.640015,806.289978,841.150024,841.150024,25235300000,0.059000000000000004,0.0126,0.01771567825872537,0.799,31.02,937.3812779922797,858.1878459756704,-79.19343201660934,940.459908117543,0.3265214968347926,0.3057069759145701
2003-03-01,841.150024,895.900024,788.900024,848.179993,848.179993,30080030000,0.059000000000000004,0.0125,0.018635031102463066,0.7759999999999999,30.43,923.6580033780829,853.1839194878352,-70.4740838902477,917.7221525746397,0.3354582738461791,0.28948736920141915
2003-04-01,848.179993,924.23999,847.849976,916.919983,916.919983,29669610000,0.06,0.0126,0.0195506515247238,0.86,28.36,922.6213848583777,885.0519512439175,-37.569433614460195,905.1937416054642,0.4178588251339271,0.3320318228720574
2003-05-01,916.919983,965.380005,902.830017,963.590027,963.590027,30952100000,0.061,0.0126,0.023815730867718106,0.9209999999999999,21.59,928.9242528801657,924.3209891219587,-4.603263758206936,898.2832646235456,0.4668248726865145,0.4773007390848166
2003-06-01,963.590027,1015.330017,963.590027,974.5,974.5,31219400000,0.063,0.012199999999999999,0.028069282760960074,0.897,20.85,935.935906283217,949.4104945609794,13.474588277762336,897.2974154654529,0.47802165524207224,0.6695916630759079
2003-07-01,974.5,1015.409973,962.099976,990.309998,990.309998,31553200000,0.062,0.0101,0.0323113538751289,0.909,19.46,944.3011511627221,969.8602462804897,25.559095117767583,903.778114994338,0.4947938049538556,0.8214948437904933
2003-08-01,990.309998,1011.01001,960.840027,1008.01001,1008.01001,24881470000,0.061,0.0103,0.03587864068914026,0.893,20.75,954.1025140607649,988.9351281402448,34.83261407947998,910.0670863143519,0.5138711505121356,0.887350364990722
2003-09-01,1008.01001,1040.290039,990.359985,995.969971,995.969971,29940110000,0.061,0.0101,0.03944299035896328,0.877,19.02,960.5436612821857,992.4525495701224,31.908888287936747,924.618805515377,0.4998641807860672,0.8984242699412461
2003-10-01,995.969971,1053.790039,995.969971,1050.709961,1050.709961,32298500000,0.06,0.0101,0.04300440651057468,0.8959999999999999,21.07,974.4153997003109,1021.5812552850612,47.16585558475026,940.3778080868491,0.5594267544320519,0.90562615564946
2003-11-01,1050.709961,1063.650024,1031.199951,1058.199951,1058.199951,24463220000,0.057999999999999996,0.01,0.04314326292379907,0.937,16.55,987.3053306694937,1039.8906031425306,52.585272473036866,949.0255898125041,0.567121888781129,0.9168730144816748
2003-12-01,1058.199951,1112.560059,1053.410034,1111.920044,1111.920044,27839130000,0.057,0.0098,0.043281633525234925,0.9259999999999999,16.77,1006.4768250280331,1075.9053235712654,69.42849854323231,967.1800123567199,0.61916666240453,0.9486396008702106
2004-01-01,1111.920044,1155.380005,1105.079956,1131.130005,1131.130005,32820000000,0.057,0.01,0.043419520859967115,1.038,18.22,1025.6542373314126,1103.5176642856327,77.86342695422013,992.2797416386171,0.6362282243037034,0.9600087572375072
2004-02-01,1131.130005,1158.97998,1124.439941,1144.939941,1144.939941,27985600000,0.055999999999999994,0.0101,0.043035738615403704,0.9440000000000001,17.11,1044.0058840496567,1124.2288026428164,80.22291859315965,1015.1410276367114,0.6485754577320391,0.9642828330852262
2004-03-01,1144.939941,1163.22998,1087.160034,1126.209961,1126.209961,33597900000,0.057999999999999996,0.01,0.04265420897695146,0.958,14.44,1056.6526651189404,1125.2193818214082,68.56671670246783,1039.6465703432214,0.6175616434729548,0.9291814919282967
2004-04-01,1126.209961,1150.569946,1107.22998,1107.300049,1107.300049,31611900000,0.055999999999999994,0.01,0.042274912170168946,0.9420000000000001,16.65,1064.4445703314111,1116.259715410704,51.81514507929296,1055.7392985714544,0.5866640333008972,0.8834208239265674
2004-05-01,1107.300049,1127.73999,1076.319946,1120.680054,1120.680054,29326400000,0.055999999999999994,0.01,0.03980588055791826,0.902,16.62,1073.0961832035016,1118.469884705352,45.37370150185029,1069.0433602498176,0.6020330782190652,0.8238538923717061
2004-06-01,1120.680054,1146.339966,1113.319946,1140.839966,1140.839966,27529500000,0.055999999999999994,0.0103,0.03736392534437472,0.956,16.3,1083.518303633732,1129.654925352676,46.13662171894384,1082.9706017239282,0.6249548484674617,0.789792216950954
2004-07-01,1140.839966,1140.839966,1078.780029,1101.719971,1101.719971,29285600000,0.055,0.0126,0.03494860356231756,0.9670000000000001,15.2,1086.3185601516195,1115.687448176338,29.368888024718444,1092.8483868892085,0.5570369968947081,0.7547077871394753
2004-08-01,1101.719971,1109.680054,1060.719971,1104.23999,1104.23999,26586800000,0.054000000000000006,0.0143,0.03446572514632371,0.9590000000000001,15.37,1089.0757032052165,1109.963719088169,20.88801588295246,1099.6807520505026,0.5603943126285628,0.7067639699866247
2004-09-01,1104.23999,1131.540039,1099.180054,1114.579956,1114.579956,26829870000,0.054000000000000006,0.0161,0.03398655462021684,0.9420000000000001,14.91,1092.999434404414,1112.2718375440845,19.272403139670587,1109.6896381876063,0.5748188723687732,0.6155117856959881
2004-10-01,1114.579956,1142.050049,1090.290039,1130.199951,1130.199951,31511000000,0.055,0.0176,0.03351104943954788,0.917,12.75,1098.7225908037349,1121.2358942720423,22.513303468307413,1116.9917305804047,0.5966307185539705,0.5612815763950973
2004-11-01,1130.199951,1188.459961,1127.599976,1173.819946,1173.819946,30460280000,0.054000000000000006,0.019299999999999998,0.03537718709269719,0.9279999999999999,16.27,1110.2760300646987,1147.5279201360213,37.25189007132258,1125.9095202670646,0.6511500361413728,0.58633553734019
2004-12-01,1173.780029,1217.329956,1173.780029,1211.920044,1211.920044,31102500000,0.054000000000000006,0.0216,0.03723630161287351,0.971,12.97,1125.9135706701297,1179.7239820680106,53.8104113978809,1134.454396348916,0.690951843161903,0.6981415762158703
2005-01-01,1211.920044,1217.800049,1163.75,1181.27002,1181.27002,31498800000,0.053,0.022799999999999997,0.03908843257252434,0.955,14.08,1134.4299474901097,1180.4970010340053,46.067053543895554,1138.8866006259668,0.6280647114231459,0.803946479810055
2005-02-01,1181.27002,1212.439941,1180.949951,1203.599976,1203.599976,29297410000,0.054000000000000006,0.025,0.03811307335283882,0.941,12.03,1145.071490337785,1192.0484885170026,46.97699817921762,1143.7007255123717,0.6531544288529189,0.8654918006258238
2005-03-01,1203.599976,1229.109985,1163.689941,1180.589966,1180.589966,39014150000,0.052000000000000005,0.0263,0.037142727279449096,0.9259999999999999,12.04,1150.535871208895,1186.3192272585013,35.783356049606255,1149.2681802021023,0.6071162887007777,0.8499658936434629
2005-04-01,1180.589966,1191.880005,1136.150024,1156.849976,1156.849976,43424270000,0.052000000000000005,0.0279,0.03617735580161184,0.877,14.09,1151.5072719459881,1171.5846016292508,20.077329683262633,1153.67380284235,0.5624920739408561,0.802637525255522
2005-05-01,1156.849976,1199.560059,1146.180054,1191.5,1191.5,39321990000,0.051,0.03,0.035610012550404246,0.8690000000000001,15.12,1157.659999338913,1181.5423008146254,23.88230147571244,1160.036150367689,0.6083305309561294,0.7325609493057387
2005-06-01,1191.5,1219.589966,1188.300049,1191.329956,1191.329956,40334040000,0.05,0.0304,0.03504623460793562,0.96,12.36,1162.839992671388,1186.4361284073127,23.59613573592469,1164.5277894254777,0.6079895057487061,0.6924384041191586
2005-07-01,1191.329956,1245.150024,1183.550049,1234.180054,1234.180054,37464670000,0.05,0.0326,0.03448598847170803,0.965,11.4,1173.8153867219437,1210.3080912036562,36.49270448171251,1175.462802083882,0.6603347315747266,0.7114677866109469
2005-08-01,1234.180054,1245.859985,1201.069946,1220.329956,1220.329956,42030090000,0.049,0.035,0.03288902944780123,0.8909999999999999,12.08,1180.9714743031832,1215.3190236018281,34.347549298644935,1184.412494240134,0.6306418882942295,0.7548024788741275
2005-09-01,1220.329956,1243.130005,1205.349976,1228.810059,1228.810059,44777510000,0.05,0.0362,0.031302858586600826,0.769,13.15,1188.3312565642318,1222.064541300914,33.73328473668221,1193.184162379221,0.6414120007621814,0.8093319257201854
2005-10-01,1228.810059,1233.339966,1168.199951,1207.01001,1207.01001,49793790000,0.05,0.0378,0.029727366937912943,0.742,12.46,1191.2049109389654,1214.537275650457,23.332364711491664,1199.0140929225713,0.5929258316387384,0.7975730630340321
2005-11-01,1207.01001,1270.640015,1201.069946,1249.47998,1249.47998,45102870000,0.05,0.04,0.0305345045076147,0.816,14.85,1200.1703061791247,1232.0086278252286,31.83832164610385,1205.4465125483925,0.6492719872755078,0.7899417263145482
2005-12-01,1249.47998,1275.800049,1246.589966,1248.290039,1248.290039,41756130000,0.049,0.0416,0.031335716509093794,0.915,11.24,1207.573341997721,1240.1493334126144,32.57599141489345,1208.728003377583,0.646536618350334,0.7647186535202825
2006-01-01,1248.290039,1294.900024,1245.73999,1280.079956,1280.079956,49211650000,0.047,0.0429,0.03213106795718212,0.912,11.14,1218.7282056903791,1260.1146447063072,41.38643901592809,1217.453809060168,0.6851902214777842,0.7967464765004381
2006-02-01,1280.079956,1297.569946,1253.609985,1280.660034,1280.660034,42859940000,0.048,0.0449,0.031327766248995303,0.867,12.36,1228.2561792764748,1270.3873393531535,42.131160076678725,1223.5010819324484,0.6858740307076175,0.8233583369501425
2006-03-01,1280.660034,1310.880005,1268.420044,1294.869995,1294.869995,50905040000,0.047,0.045899999999999996,0.030527094078750816,0.889,11.54,1238.5044586185556,1282.6286671765768,44.12420855802111,1233.5719727576093,0.7031078116224496,0.8640109497191065
2006-04-01,1302.880005,1318.160034,1280.73999,1310.609985,1310.609985,43308430000,0.047,0.0479,0.029729038556202205,0.8740000000000001,11.57,1249.5976165233933,1296.6193260882883,47.02170956489499,1246.2279235388091,0.7215664004126933,0.8818679294669413
2006-05-01,1310.609985,1326.699951,1245.339966,1270.089966,1270.089966,54312830000,0.046,0.049400000000000006,0.02755903448491006,0.7909999999999999,12.54,1252.7502856736405,1283.3546460441441,30.604360370503628,1252.5912739825515,0.6143062488599483,0.871605265174013
2006-06-01,1270.050049,1290.680054,1219.290039,1270.199951,1270.199951,54873260000,0.046,0.0499,0.025400310667118103,0.8490000000000001,14.52,1255.4348495700035,1276.7772985220722,21.342448952068708,1258.768817791118,0.6144759426570848,0.8247824830352073
2006-07-01,1270.060059,1280.420044,1224.540039,1276.660034,1276.660034,46348220000,0.047,0.0524,0.023252779374244966,0.847,13.05,1258.7002625592336,1276.718666261036,18.018403701802526,1261.8654012351442,0.6250464074438233,0.7338187520750256
2006-08-01,1278.530029,1306.73999,1261.300049,1303.819946,1303.819946,50485620000,0.047,0.0525,0.024287531814001808,0.82,15.05,1265.6417523193516,1290.269306130518,24.627553811166536,1268.599935040263,0.6669311147431353,0.6840323675441597
2006-09-01,1303.800049,1340.280029,1290.930054,1335.849976,1335.849976,49001440000,0.045,0.0525,0.02531846624623574,0.8540000000000001,11.96,1276.4430175009898,1313.059641065259,36.616623564269275,1277.384361767425,0.7087827650270201,0.6969248218649181
2006-10-01,1335.819946,1389.449951,1327.099976,1377.939941,1377.939941,56793620000,0.044000000000000004,0.0525,0.026345603763438218,0.9359999999999999,12.57,1292.0579288085298,1345.4997910326297,53.44186222409985,1293.1378081823632,0.7532331148659912,0.7852210857459841
2006-11-01,1377.76001,1407.890015,1360.97998,1400.630005,1400.630005,55343930000,0.045,0.0525,0.02278800039558032,0.9209999999999999,11.51,1308.761325145679,1373.0648980163148,64.30357287063589,1306.4411221975654,0.7735594047208741,0.8768925189416349
2006-12-01,1400.630005,1431.810059,1385.930054,1418.300049,1418.300049,47578780000,0.044000000000000004,0.0524,0.01926202231887196,0.917,11.66,1325.6134365078822,1395.6824735081573,70.0690370002751,1319.3362668989198,0.7883689298889951,0.9300298042624295
2007-01-01,1418.030029,1441.609985,1403.969971,1438.23999,1438.23999,56686200000,0.046,0.0525,0.01576724970014676,0.9690000000000001,12.04,1342.9405985835926,1416.9612317540787,74.02063317048601,1333.587879713283,0.8041381930875283,0.9522575879940667
2007-02-01,1437.900024,1461.569946,1389.420044,1406.819946,1406.819946,51844990000,0.045,0.0526,0.016961470269289108,0.9129999999999999,10.31,1352.7681904938092,1411.8905888770394,59.12239838323012,1343.410346602725,0.7128337879002818,0.9342625259694403
2007-03-01,1406.800049,1438.890015,1363.97998,1420.859985,1420.859985,67622250000,0.044000000000000004,0.0526,0.018153634333457278,0.884,15.82,1363.2438511870694,1416.3752869385198,53.131435751450454,1355.5646710688563,0.7278945966585043,0.9072425423440087
2007-04-01,1420.829956,1498.02002,1416.369995,1482.369995,1482.369995,57032470000,0.045,0.0525,0.019343747200181116,0.871,14.53,1381.5709502352124,1449.37264096926,67.8016907340475,1369.7313684480864,0.7824301486881785,0.8687294847619039
2007-05-01,1482.369995,1535.560059,1476.699951,1530.619995,1530.619995,64958050000,0.044000000000000004,0.0525,0.020790729448942637,0.883,13.51,1404.501572506718,1489.99631798463,85.49474547791192,1393.8181719491188,0.8142821218924816,0.8739129092759659
2007-06-01,1530.619995,1540.560059,1484.180054,1503.349976,1503.349976,65322800000,0.046,0.0525,0.0222362665853087,0.853,12.78,1419.7090191979921,1496.673146992315,76.96412779432285,1414.6520675991494,0.7468669633881962,0.890830934380093
2007-07-01,1504.660034,1555.900024,1454.25,1455.27002,1455.27002,70337430000,0.047,0.0526,0.023680360773066247,0.904,15.4,1425.1799423983011,1475.9715834961576,50.79164109785643,1428.0035052778524,0.6442734145047477,0.8633936988008553
2007-08-01,1455.180054,1503.890015,1370.599976,1473.98999,1473.98999,91381760000,0.046,0.050199999999999995,0.02289365363177239,0.8340000000000001,23.67,1432.68918049087,1474.9807867480788,42.29160625720874,1442.2721478922708,0.6638842166435522,0.7679139365369987
2007-09-01,1473.959961,1538.73999,1439.290039,1526.75,1526.75,57809700000,0.047,0.049400000000000006,0.022111428379393148,0.8340000000000001,22.78,1447.160075799967,1500.8653933740393,53.705317574072296,1455.8689111458286,0.712598502722146,0.6752120389428569
2007-10-01,1527.290039,1576.089966,1489.560059,1549.380005,1549.380005,76022580000,0.047,0.047599999999999996,0.021333646824578646,0.809,17.84,1462.8862187538182,1525.1226991870196,62.23648043320145,1471.0076473986276,0.7308512462094644,0.675897801882186
2007-11-01,1545.790039,1545.790039,1406.099976,1481.140015,1481.140015,86246950000,0.047,0.0449,0.018859053814804187,0.7609999999999999,23.21,1465.6944950993845,1503.13135709351,37.436861994125366,1477.0225271946115,0.6045484172295404,0.7194442397182048
2007-12-01,1479.630005,1523.569946,1435.650024,1468.359985,1468.359985,64821670000,0.05,0.0424,0.01638941384361144,0.755,23.61,1466.1045704687099,1485.745671046755,19.641100578045098,1479.7783100092267,0.5839313283991033,0.719123440890725
2008-01-01,1467.969971,1471.77002,1270.050049,1378.550049,1378.550049,98475340000,0.05,0.0394,0.01392471205518535,0.784,23.17,1452.6346440889083,1432.1478600233775,-20.486784065530856,1470.8405796421753,0.46290735455988274,0.6177044235611359
2008-02-01,1378.599976,1396.02002,1316.75,1330.630005,1330.630005,78536130000,0.049,0.0298,0.013869620604039316,0.708,24.02,1433.8646996136915,1381.3889325116888,-52.47576710200269,1462.084906291978,0.4130741277673121,0.47922375894765906
2008-03-01,1330.449951,1359.680054,1256.97998,1322.699951,1322.699951,93189170000,0.051,0.026099999999999998,0.013814752925947815,0.695,26.28,1416.7624305962006,1352.0444417558444,-64.71798884035616,1450.8017936160309,0.4051992991374069,0.3521408120906895
2008-04-01,1326.410034,1404.569946,1324.349976,1385.589966,1385.589966,85978630000,0.05,0.022799999999999997,0.013760107660276268,0.626,22.68,1411.9666668121697,1368.817203877922,-43.149462934247595,1442.8633162834042,0.48941203978574604,0.28817389405350424
2008-05-01,1385.969971,1440.23999,1373.069946,1400.380005,1400.380005,80990480000,0.054000000000000006,0.019799999999999998,0.010045780718153307,0.598,18.88,1410.1841034564513,1384.598604438961,-25.585499017490292,1433.2319552504935,0.5073081199472633,0.2915218929388714
2008-06-01,1399.619995,1404.050049,1272.0,1280.0,1280.0,96614040000,0.055999999999999994,0.02,0.006345662864907454,0.564,19.83,1390.1557798477666,1332.2993022194805,-57.85647762828603,1413.4598347039437,0.3868991754306614,0.3099791982721102
2008-07-01,1276.689941,1292.170044,1200.439941,1267.380005,1267.380005,124980570000,0.057999999999999996,0.020099999999999996,0.0026596727212868897,0.612,23.65,1371.2671991019563,1299.8396536097403,-71.42754549221604,1392.9796430277725,0.37667456848348396,0.29980395960294304
2008-08-01,1269.420044,1313.150024,1247.449951,1282.829956,1282.829956,86266010000,0.061,0.02,-0.006736504950641144,0.63,22.57,1357.661469393963,1291.3348048048701,-66.32666458909284,1376.5658855474624,0.39792443962101315,0.24009237286985993
2008-09-01,1287.829956,1303.040039,1106.420044,1166.359985,1166.359985,140007320000,0.061,0.0181,-0.016093493264184234,0.703,21.99,1328.2304717948919,1228.847394902435,-99.38307689245676,1342.2960596956193,0.31079092920095175,0.20546223260181498
2008-10-01,1164.170044,1167.030029,839.799988,968.75,968.75,159823030000,0.065,0.0097,-0.025411536884212563,0.5760000000000001,39.81,1272.925783826447,1098.7986974512175,-174.1270863752295,1279.2117984601414,0.22115753869599156,0.19640113570817352
2008-11-01,968.669983,1007.51001,741.02002,896.23999,896.23999,115660210000,0.068,0.0039000000000000003,-0.027715200000947435,0.5529999999999999,53.68,1214.974123237763,997.5193437256088,-217.45477951215423,1228.8501342316372,0.19826824967707923,0.20527509050560058
2008-12-01,888.609985,918.849976,815.690002,903.25,903.25,112884470000,0.073,0.0016,-0.030025435959548482,0.601,68.51,1167.0165658165688,950.3846718628045,-216.63189395376435,1187.7943737543192,0.20692498336671064,0.21148576090577403
2009-01-01,902.98999,943.849976,804.299988,825.880005,825.880005,112090640000,0.078,0.0015,-0.032342272930783185,0.612,39.19,1114.5340179986351,888.1323384314022,-226.40167956723292,1141.6786094969025,0.18311828454147686,0.20499397260642968
2009-02-01,823.090027,875.01001,734.52002,735.090027,735.090027,124492210000,0.083,0.0022,-0.03483413960893039,0.563,45.52,1056.1580193834604,811.611182715701,-244.5468366677594,1092.5730110057425,0.15961097612157074,0.17759616272323886
2009-03-01,729.570007,832.97998,666.789978,797.869995,797.869995,161843640000,0.087,0.0018,-0.0373161538774662,0.573,52.65,1016.4214002475435,804.7405888578505,-211.68081138969296,1043.243954335486,0.2338070750455712,0.13940142067621808
2009-04-01,793.590027,888.700012,783.320007,872.809998,872.809998,138855320000,0.09,0.0015,-0.03978837405318722,0.6509999999999999,42.28,994.327338363306,838.7752934289252,-155.55204493438077,1006.7366922199494,0.31281253503049056,0.13351450187335456
2009-05-01,872.73999,930.169983,866.099976,919.140015,919.140015,131614940000,0.094,0.0018,-0.03697819412936041,0.687,35.3,982.7600578458743,878.9576542144625,-103.80240363141172,977.895115048832,0.3574945835770608,0.19617295215599723
2009-06-01,923.26001,956.22998,888.859985,919.320007,919.320007,112653150000,0.095,0.0021,-0.034158139161702517,0.708,30.04,973.0000500234321,899.1388306072313,-73.86121941620081,954.3696653300434,0.3576715921419097,0.29563572695466406
2009-07-01,920.820007,996.679993,869.320007,987.47998,987.47998,106635790000,0.095,0.0016,-0.03132815700686368,0.66,26.22,975.2277315582887,943.3094053036157,-31.918326254673048,930.6879824085098,0.4233054731530153,0.44233170724265564
2009-08-01,990.219971,1039.469971,978.51001,1020.619995,1020.619995,116059270000,0.096,0.0016,-0.020692219020861807,0.657,25.56,982.2111567031675,981.9647001518078,-0.24645655135964262,917.6772952098752,0.45295422891955817,0.6064754809854347
2009-09-01,1019.52002,1080.150024,991.969971,1057.079956,1057.079956,112295490000,0.098,0.0015,-0.009898766673232877,0.735,29.15,993.7294335180648,1019.5223280759039,25.79289455783919,904.9435568087387,0.48474733434179873,0.7858804494965783
2009-10-01,1054.910034,1101.359985,1019.950012,1036.189941,1036.189941,113410990000,0.1,0.0012,0.0010557252348298502,0.706,28.27,1000.2618192845163,1027.8561345379521,27.594315253435866,908.1571706239752,0.46775553641806716,0.8859908705941417
2009-11-01,1036.180054,1113.689941,1029.380005,1095.630005,1095.630005,84981530000,0.099,0.0012,0.006479860484984541,0.674,29.78,1014.9338478561292,1061.743069768976,46.80922191284685,920.2806196219706,0.5199841568089828,0.9258088810728186
2009-12-01,1098.890015,1130.380005,1085.890015,1115.099976,1115.099976,89515330000,0.099,0.0012,0.011945346667081271,0.725,21.92,1030.3440214167247,1088.421522884488,58.07750146776334,934.0666816979932,0.5362456345693576,0.9181172013561176
2010-01-01,1116.560059,1150.449951,1071.589966,1073.869995,1073.869995,90947580000,0.098,0.0011,0.017452658449103254,0.7440000000000001,20.04,1037.0403250449208,1081.145758942244,44.10543389732311,952.0247477365132,0.49732489963890214,0.9072950386935708
2010-02-01,1073.890015,1112.420044,1044.5,1104.48999,1104.48999,84561340000,0.098,0.0013,0.021342448007823176,0.736,22.59,1047.4171965764713,1092.817874471122,45.4006778946507,981.7255883141447,0.5252419871336536,0.88166850586426
2010-03-01,1105.359985,1180.689941,1105.359985,1169.430054,1169.430054,103683550000,0.099,0.0016,0.025236875854790036,0.736,19.26,1066.1884054108602,1131.1239642355608,64.93555882470059,1020.0209329701997,0.5792990433563252,0.8556064867456886
2010-04-01,1171.22998,1219.800049,1170.689941,1186.689941,1186.689941,116741910000,0.099,0.002,0.02913595029118001,0.722,17.47,1084.7271031938049,1158.9069526177805,74.17984942397561,1051.6084971668665,0.5927440590463319,0.8574829206305788
2010-05-01,1188.579956,1205.130005,1040.780029,1089.410034,1089.410034,127662780000,0.096,0.002,0.030574687742577305,0.736,20.19,1085.4475540870658,1124.1584933088902,38.71093922182445,1069.287648514028,0.4953984780729477,0.8276084451121071
2010-06-01,1087.300049,1131.22998,1028.329956,1030.709961,1030.709961,110106750000,0.094,0.0018,0.03201006457113194,0.76,35.54,1077.0263859198249,1077.4342271544451,0.407841234620264,1079.3518218163522,0.4470674394826207,0.6957492896527678
2010-07-01,1031.099976,1120.949951,1010.909973,1101.599976,1101.599976,94778110000,0.094,0.0018,0.033442092537792206,0.6779999999999999,32.86,1080.806938239852,1089.5171015772225,8.710163337370659,1088.9164057064281,0.5100420199701216,0.5015877279539027
2010-08-01,1107.530029,1129.23999,1039.699951,1049.329956,1049.329956,85738250000,0.095,0.0019,0.03153433089515686,0.6890000000000001,22.01,1075.9643255875671,1069.4235287886113,-6.540796798955853,1092.6485125358286,0.46723774039373517,0.32576689333412395
2010-09-01,1049.719971,1157.160034,1049.719971,1141.199951,1141.199951,79589450000,0.095,0.0019,0.029640218399539602,0.682,23.89,1086.0005756510184,1105.3117398943057,19.311164243287294,1099.298469317681,0.5410833436938914,0.31437744025960895
2010-10-01,1143.48999,1196.140015,1131.869995,1183.26001,1183.26001,89536270000,0.094,0.0019,0.027759609093124735,0.677,22.5,1100.9635655508616,1144.285874947153,43.3223093962913,1111.9727315028292,0.5707958859619595,0.39404915091456105
2010-11-01,1185.709961,1227.079956,1173.0,1180.550049,1180.550049,87151070000,0.098,0.0019,0.02529112863059542,0.716,21.83,1113.207639927652,1162.4179619735764,49.210322045924386,1118.32216066728,0.5682100757476912,0.5675643931710526
2010-12-01,1186.599976,1262.599976,1186.599976,1257.640015,1257.640015,80984530000,0.09300000000000001,0.0018,0.02283059570500823,0.745,21.36,1135.4280053233979,1210.0289884867882,74.60098316339031,1128.370976017907,0.6214311957640177,0.717377784452335
2011-01-01,1257.619995,1302.670044,1257.619995,1286.119995,1286.119995,92164940000,0.091,0.0017000000000000001,0.020377971996133462,0.742,17.61,1158.6113883505675,1248.074491743394,89.4631033928265,1145.2840314177997,0.6393468087446896,0.8368885526306239
2011-02-01,1289.140015,1344.069946,1289.140015,1327.219971,1327.219971,59223660000,0.09,0.0016,0.01939137441332246,0.775,17.63,1184.5511702966342,1287.647231371697,103.09606107506283,1157.9015582146014,0.664353670876903,0.9079373061624648
2011-03-01,1328.640015,1332.280029,1249.050049,1325.829956,1325.829956,89507640000,0.09,0.0014000000000000002,0.018411100162228106,0.675,21.01,1206.286368097152,1306.7385936858486,100.45222558869659,1170.3303591157935,0.6626584525385115,0.9354738245580775
2011-04-01,1329.47998,1364.560059,1294.699951,1363.609985,1363.609985,77364810000,0.091,0.001,0.017437088645502034,0.698,17.4,1230.490001466821,1335.1742893429243,104.68428787610333,1182.4770273649642,0.6863860129366103,0.9558548352625564
2011-05-01,1365.209961,1370.579956,1311.800049,1345.199951,1345.199951,81708980000,0.09,0.0009,0.014753212907668872,0.743,15.99,1248.1376860103871,1340.187120171462,92.04943416107494,1206.9718524514356,0.6616465552616448,0.954769809679301
2011-06-01,1345.199951,1345.199951,1258.069946,1320.640015,1320.640015,86122730000,0.091,0.0009,0.012083063251017066,0.715,18.3,1259.2918904703276,1330.413567585731,71.12167711540337,1236.056319257069,0.6286699711136774,0.9404161894152041
2011-07-01,1320.640015,1356.47998,1282.859985,1292.280029,1292.280029,81102170000,0.09,0.0007000000000000001,0.009426534645672292,0.637,15.87,1264.3669887056617,1311.3467982928655,46.97980958720382,1253.531050693184,0.5915314348686913,0.8763769443925901
2011-08-01,1292.589966,1307.380005,1101.540039,1218.890015,1218.890015,108419170000,0.09,0.001,0.01143493682605303,0.5579999999999999,23.66,1257.370531212483,1265.1184066464327,7.74787543394973,1267.108329692888,0.5069814298834542,0.7616492756729007
2011-09-01,1219.119995,1229.290039,1114.219971,1131.420044,1131.420044,102786820000,0.09,0.0008,0.01343633264987955,0.595,31.82,1237.9935331797933,1198.2692253232162,-39.72430785657707,1263.3190314650433,0.42752826301758295,0.5885580943125154
2011-10-01,1131.209961,1292.660034,1074.77002,1253.300049,1253.300049,98063670000,0.08800000000000001,0.0007000000000000001,0.015430758716065248,0.608,45.45,1240.3483817675174,1225.784637161608,-14.563744605909278,1269.2406156566399,0.5376661814137172,0.4591552172104369
2011-11-01,1251.0,1277.550049,1158.660034,1246.959961,1246.959961,84275050000,0.086,0.0008,0.019074960328355952,0.637,34.77,1241.3655478032838,1236.3722990808042,-4.9932487224796205,1274.858009076446,0.5318594587457371,0.39982295415066327
2011-12-01,1246.910034,1269.369995,1202.369995,1257.599976,1257.599976,74742430000,0.085,0.0007000000000000001,0.022724933884659147,0.6990000000000001,27.41,1243.86315214124,1246.986137540402,3.122985399161962,1274.9589126378855,0.5409361379175408,0.4723501147294203
2012-01-01,1258.859985,1333.469971,1258.859985,1312.410034,1312.410034,79567560000,0.083,0.0008,0.02638069310886242,0.75,22.97,1254.408826273357,1279.698085770201,25.289259496844124,1276.8664921323134,0.5860401837514001,0.5670994744848249
2012-02-01,1312.449951,1378.040039,1312.449951,1365.680054,1365.680054,78385710000,0.083,0.001,0.02559472688877322,0.753,18.55,1271.5274766928405,1322.6890698851005,51.16159319225994,1280.6855116058068,0.625095015196099,0.6875412502035506
2012-03-01,1365.900024,1419.150024,1340.030029,1408.469971,1408.469971,83899660000,0.08199999999999999,0.0013,0.02481228988881538,0.762,17.26,1292.5955527400959,1365.5795204425503,72.98396770245449,1287.1309479185331,0.6537227927321239,0.7906405733818347
2012-04-01,1408.469971,1422.380005,1357.380005,1397.910034,1397.910034,74761710000,0.08199999999999999,0.0014000000000000002,0.024033358391379125,0.764,15.64,1308.797780626235,1381.7447772212752,72.94699659504022,1289.4187851700526,0.6405544561187934,0.8855651374955077
2012-05-01,1397.859985,1415.319946,1291.97998,1310.329956,1310.329956,86920490000,0.08199999999999999,0.0016,0.024601195490366906,0.7929999999999999,16.6,1309.0334999145066,1346.0373666106375,37.0038666961309,1286.7815488373044,0.5418092022922582,0.9072967907011684
2012-06-01,1309.869995,1363.459961,1266.73999,1362.160034,1362.160034,81582440000,0.08199999999999999,0.0016,0.02516911706858288,0.732,26.66,1317.2068128507362,1354.0987003053187,36.8918874545825,1289.9072672506343,0.5832823644375366,0.8742340439778871
2012-07-01,1362.329956,1391.73999,1325.410034,1379.319946,1379.319946,73103810000,0.08199999999999999,0.0016,0.025737123144880445,0.723,16.74,1326.7626794890846,1366.7093231526594,39.94664366357483,1296.0874121091672,0.5964744535472615,0.8168228586805565
2012-08-01,1379.319946,1426.680054,1354.650024,1406.579956,1406.579956,70283810000,0.081,0.0013,0.0223055150267596,0.743,18.96,1339.042260490764,1386.6446395763296,47.602379085565644,1312.412738751967,0.6174612726907969,0.81655879194602
2012-09-01,1406.540039,1474.51001,1396.560059,1440.670044,1440.670044,69784280000,0.078,0.0014000000000000002,0.01889940840747876,0.7829999999999999,17.98,1354.6773041075694,1413.6573417881648,58.98003768059539,1341.2539095619502,0.6428050622276578,0.8339110508403502
2012-10-01,1440.900024,1470.959961,1403.280029,1412.160034,1412.160034,71752320000,0.078,0.0016,0.015518520073324672,0.826,16.32,1363.520801014097,1412.9086878940825,49.387886879985444,1356.0137399956016,0.6061659063970662,0.8463825040782257
2012-11-01,1412.199951,1434.27002,1343.349976,1416.180054,1416.180054,71489310000,0.077,0.0016,0.016018010901530173,0.8270000000000001,16.69,1371.6222245503898,1414.5443709470412,42.92214639665144,1370.7383397021551,0.6095889128527487,0.8117572948880502
2012-12-01,1416.339966,1448.0,1398.109985,1426.189941,1426.189941,66388180000,0.079,0.0016,0.016514724798309274,0.7290000000000001,16.64,1380.0172578503298,1420.3671559735208,40.349898123191,1384.1068928157895,0.6185936664028339,0.7669138976023396
2013-01-01,1426.189941,1509.939941,1426.189941,1498.109985,1498.109985,75848510000,0.08,0.0014000000000000002,0.017008684857094173,0.738,14.68,1398.1853697195097,1459.2385704867604,61.0532007672507,1399.9791612769484,0.6769887936170227,0.7652105233759154
2013-02-01,1498.109985,1530.939941,1485.01001,1514.680054,1514.680054,69273480000,0.077,0.0015,0.016403792018347834,0.7759999999999999,12.9,1416.1076288395852,1486.9593122433803,70.85168340379505,1411.8598812444848,0.688958141237397,0.8090997455916811
2013-03-01,1514.680054,1570.280029,1501.47998,1569.189941,1569.189941,68527110000,0.075,0.0014000000000000002,0.01580069373772146,0.7859999999999999,15.36,1439.6587537873413,1528.0746266216902,88.41587283434887,1424.4387061680623,0.7254661626577373,0.8867398420650369
2013-04-01,1569.180054,1597.569946,1536.030029,1597.569946,1597.569946,77098000000,0.076,0.0015,0.01519938204107002,0.764,13.58,1463.9527833585196,1562.8222863108451,98.86950295232555,1441.82022760112,0.7426240261328861,0.9418459984378807
2013-05-01,1597.550049,1687.180054,1581.280029,1630.73999,1630.73999,76447250000,0.075,0.0011,0.01759195701955925,0.845,14.49,1489.6123536110551,1596.7811381554225,107.16878454436733,1471.5038362994187,0.7616199076398407,0.9611959113258861
2013-06-01,1631.709961,1654.189941,1560.329956,1606.280029,1606.280029,74946790000,0.075,0.0009,0.019982236883236224,0.841,16.28,1507.561226747816,1601.5305835777112,93.96935682989533,1493.495551939122,0.7189345358006718,0.9295511043905655
2013-07-01,1609.780029,1698.780029,1604.569946,1685.72998,1685.72998,68106820000,0.073,0.0009,0.02237022493295511,0.851,16.37,1534.9718041712288,1643.6302817888557,108.65847761762689,1518.4263625752167,0.7655041264767923,0.8884219481507506
2013-08-01,1689.420044,1709.670044,1627.469971,1632.969971,1632.969971,64802810000,0.07200000000000001,0.0008,0.02494594991732844,0.821,12.94,1550.0484452218088,1638.300126394428,88.2516811726191,1536.3132763593376,0.6834666906692856,0.8495791816706116
2013-09-01,1635.949951,1729.859985,1633.410034,1681.550049,1681.550049,66174410000,0.07200000000000001,0.0008,0.02751969070963206,0.775,16.61,1570.2794611876843,1659.925087697214,89.64562650952962,1555.453261478152,0.7142293625075236,0.8448522814632792
2013-10-01,1682.410034,1775.219971,1646.469971,1756.540039,1756.540039,76647400000,0.07200000000000001,0.0009,0.030091449601746312,0.732,15.54,1598.9349346972715,1708.232563348607,109.29762865133557,1585.4788508225656,0.7544205076485281,0.8411326577880834
2013-11-01,1758.699951,1813.550049,1746.199951,1805.810059,1805.810059,63628190000,0.069,0.0008,0.025534009810854078,0.7509999999999999,13.28,1630.7618768976913,1757.0213111743035,126.25943427661218,1616.287519983213,0.7769091171231627,0.871125064080134
2013-12-01,1806.550049,1849.439941,1767.98999,1848.359985,1848.359985,64958820000,0.067,0.0009,0.021006348768519683,0.825,14.23,1664.2385089134311,1802.6906480871517,138.45213917372052,1649.0066079352837,0.7946272500405496,0.9099438398307785
2014-01-01,1845.859985,1850.839966,1770.449951,1782.589966,1782.589966,75871910000,0.066,0.0007000000000000001,0.016508175559380202,0.812,14.23,1682.446425388288,1792.6403070435758,110.1938816552879,1674.5009283046236,0.700777332033011,0.9328832852356441
2014-02-01,1782.680054,1867.920044,1737.920044,1859.449951,1859.449951,69725590000,0.067,0.0007000000000000001,0.019975460865820697,0.816,21.44,1709.677737020859,1826.045129021788,116.36739200092893,1702.799469558945,0.7399347195188342,0.9309212341212344
2014-03-01,1857.680054,1883.969971,1834.439941,1872.339966,1872.339966,71885030000,0.067,0.0008,0.023436570713899946,0.8,16.0,1734.7026953253421,1849.192547510894,114.48985218555185,1727.900579448671,0.7460156202535457,0.9074236045593057
2014-04-01,1873.959961,1897.280029,1814.359985,1883.949951,1883.949951,71595810000,0.062,0.0009,0.026891521587272944,0.841,13.1,1757.6638115829817,1866.5712492554471,108.90743767246545,1753.020066521979,0.7517198156468851,0.9234916367150298
2014-05-01,1884.390015,1924.030029,1859.790039,1923.569946,1923.569946,63623630000,0.063,0.0009,0.02813394992232698,0.8190000000000001,13.25,1783.187832262523,1895.0705976277236,111.88276536520061,1777.2986411647812,0.7708768254777004,0.9427473024337804
2014-06-01,1923.869995,1968.170044,1915.97998,1960.22998,1960.22998,63283380000,0.061,0.001,0.029369366088189505,0.825,11.58,1810.4250857605964,1927.6502888138618,117.22520305326543,1807.0361718716035,0.7874325939299637,0.9681276848138196
2014-07-01,1962.290039,1991.390015,1930.670044,1930.670044,1930.670044,66524690000,0.062,0.0009,0.030597829282016868,0.818,11.15,1828.9243101051202,1929.1601664069308,100.2358563018106,1827.1730322914896,0.7403748430373374,0.9517663202075578
2014-08-01,1929.800049,2005.040039,1904.780029,2003.369995,2003.369995,58131140000,0.061,0.0009,0.029344113382337274,0.825,17.03,1855.7621077812555,1966.2650807034654,110.50297292220989,1855.2839052538366,0.7762504415764255,0.932002425605997
2014-09-01,2004.069946,2019.26001,1964.040039,1972.290039,1972.290039,66706000000,0.059000000000000004,0.0009,0.02809764149325931,0.846,12.25,1873.6894818149085,1969.2775598517328,95.5880780368243,1879.0375157587143,0.7292538916727264,0.8945482293501034
2014-10-01,1971.439941,2018.189941,1820.660034,2018.050049,2018.050049,93714040000,0.057,0.0009,0.026858351011456456,0.8690000000000001,16.71,1895.898799843384,1993.6638044258664,97.76500458248233,1906.056845626737,0.7532487280557096,0.9043611060457262
2014-11-01,2018.209961,2075.76001,2001.01001,2067.560059,2067.560059,63600190000,0.057999999999999996,0.0009,0.031126711703798406,0.888,14.73,1922.3082243290173,2030.6119317129333,108.30370738391593,1926.1264582524143,0.7766157605816452,0.9119019390328775
2014-12-01,2065.780029,2093.550049,1972.560059,2058.899902,2058.899902,80743820000,0.055999999999999994,0.0012,0.03540491500135514,0.9359999999999999,14.29,1943.3223285860918,2044.7559168564667,101.43358827037491,1944.7828999457945,0.7628311689357564,0.9400106357039876
2015-01-01,2058.899902,2072.360107,1988.119995,1994.98999,1994.98999,77330040000,0.057,0.0011,0.03969299498818484,0.981,17.79,1951.2711995728469,2019.8729534282334,68.6017538553865,1963.8986212460366,0.6674548391021908,0.9023276836595403
2015-02-01,1996.670044,2119.590088,1980.900024,2104.5,2104.5,68775560000,0.055,0.0011,0.03737256016436173,0.9540000000000001,19.43,1974.844861177024,2062.186476714117,87.34161553709282,1983.939307587031,0.7304521731707755,0.8653121037094975
2015-03-01,2105.22998,2117.52002,2039.689941,2067.889893,2067.889893,76675850000,0.054000000000000006,0.0011,0.03507193893670694,0.93,13.04,1989.159481457482,2065.0381848570587,75.8787033995768,2000.9361736685012,0.6832474658914606,0.8181095580066274
2015-04-01,2067.629883,2125.919922,2048.379883,2085.51001,2085.51001,72060940000,0.054000000000000006,0.0012,0.03279087860927058,0.9590000000000001,15.11,2003.9826396947924,2075.2740974285293,71.29145773373693,2017.9365446361257,0.6936423257310335,0.8359807128214133
2015-05-01,2087.379883,2134.719971,2067.929932,2107.389893,2107.389893,65187730000,0.055999999999999994,0.0012,0.029995949342631188,0.907,12.7,2019.8914478955935,2091.3319952142647,71.44054731867118,2031.815685003216,0.7066818643257714,0.8519151397850218
2015-06-01,2108.639893,2129.870117,2056.320068,2063.110107,2063.110107,73213980000,0.053,0.0013,0.02722348427747726,0.961,13.97,2026.5404723731945,2077.2210511071326,50.68057873393809,2039.7230217144008,0.6459800534650613,0.8671583139022698
2015-07-01,2067.0,2132.820068,2044.02002,2103.840088,2103.840088,77920590000,0.052000000000000005,0.0013,0.024473213664345565,0.9309999999999999,16.09,2038.4327209311646,2090.5305695535662,52.09784862240167,2053.7389437929546,0.6740728810527906,0.8505300969189965
2015-08-01,2104.48999,2112.659912,1867.01001,1972.180054,1972.180054,84626790000,0.051,0.0014000000000000002,0.02337800618083202,0.919,12.56,2028.2400029417545,2031.355311776783,3.1153088350286,2049.326042541651,0.5266889211097469,0.7801701100968532
2015-09-01,1970.089966,2020.859985,1871.910034,1920.030029,1920.030029,79989370000,0.05,0.0014000000000000002,0.022286478840950866,0.872,31.4,2011.5923146430232,1975.6926703883914,-35.89964425463177,2043.6318846168147,0.48122368228068274,0.6521574737938322
2015-10-01,1919.650024,2094.320068,1893.699951,2079.360107,2079.360107,85844900000,0.05,0.0012,0.021198613126648235,0.9,22.55,2022.0181288517888,2027.5263886941957,5.508259842406915,2049.6635018795473,0.5971330927436537,0.5287768382213506
2015-11-01,2080.76001,2116.47998,2019.390015,2080.409912,2080.409912,75943590000,0.051,0.0012,0.020109317452954727,0.9129999999999999,14.15,2031.0014801053596,2053.968150347098,22.966670241738257,2050.966726512583,0.5977790483515952,0.508108172856478
2015-12-01,2082.929932,2104.27002,1993.26001,2043.939941,2043.939941,83649260000,0.05,0.0024,0.019026522052540216,0.9259999999999999,14.67,2032.9920125506887,2048.954045673549,15.962033122860248,2049.6333401677016,0.5635355788140237,0.6026381447279141
2016-01-01,2038.199951,2038.199951,1812.290039,1940.23999,1940.23999,92409770000,0.048,0.0034000000000000002,0.017950168913806068,0.92,20.7,2018.7224706198135,1994.5970178367745,-24.12545278303901,2043.3496144727897,0.47850830655350945,0.6549439576126994
2016-02-01,1936.939941,1962.959961,1810.099976,1932.22998,1932.22998,93049560000,0.049,0.0038,0.01694013693368231,0.917,19.98,2005.4159336013806,1963.4134989183872,-42.00243468299345,2028.2073033217866,0.4725009602293245,0.6158084554381278
2016-03-01,1937.089966,2072.209961,1937.089966,2059.73999,2059.73999,92639420000,0.05,0.0036,0.01593425859462457,0.91,17.7,2013.7734807396296,2011.5767444591936,-2.196736280435971,2028.0828568074633,0.5669202712584469,0.5377614818110904
2016-04-01,2056.620117,2111.050049,2033.800049,2065.300049,2065.300049,81124990000,0.051,0.0037,0.014932508327147102,0.89,13.1,2021.700645087379,2038.4383967295967,16.737751642217745,2026.947497277331,0.5705766275872438,0.5522147097873608
2016-05-01,2067.169922,2103.47998,2025.910034,2096.949951,2096.949951,78883600000,0.048,0.0037,0.01597698652636751,0.9470000000000001,14.68,2033.2774613816282,2067.6941738647984,34.41671248317016,2027.2258816956255,0.5919688313518077,0.6751687903530997
2016-06-01,2093.939941,2120.550049,1991.680054,2098.860107,2098.860107,86852700000,0.049,0.0038,0.017018685160696365,0.935,14.2,2043.36709916907,2083.2771404323994,39.910041263329504,2030.774382397698,0.5933027401067819,0.8030046644805736
2016-07-01,2099.340088,2177.090088,2074.02002,2173.600098,2173.600098,69530250000,0.048,0.0039000000000000003,0.01805761531085522,0.9,14.77,2063.4029451430592,2128.4386192161996,65.0356740731404,2034.9925988016744,0.6431046943088897,0.899886643691575
2016-08-01,2173.149902,2193.810059,2147.580078,2170.949951,2170.949951,75610310000,0.049,0.004,0.019311837562542157,0.898,12.44,2079.948638351819,2149.6942851081,69.74564675628062,2050.658060718487,0.6400728282338772,0.935252160092201
2016-09-01,2171.330078,2187.870117,2119.120117,2168.27002,2168.27002,77023620000,0.05,0.004,0.02056451919014606,0.912,13.48,2093.53654322077,2158.98215255405,65.44560933328012,2070.3120001301054,0.6367611578319754,0.9535866895922102
2016-10-01,2164.330078,2169.600098,2114.719971,2126.149902,2126.149902,72915530000,0.049,0.004,0.021815663030564068,0.872,13.57,2098.5539830329594,2142.566027277025,44.01204424406569,2073.675216482334,0.5848767789534229,0.9358813132152091
2016-11-01,2128.679932,2214.100098,2083.790039,2198.810059,2198.810059,88445380000,0.047,0.0040999999999999995,0.021500771438758216,0.938,18.56,2113.9779947201964,2170.6880431385125,56.71004841831609,2084.3150469820575,0.6400686422880506,0.9181994791442587
2016-12-01,2200.169922,2277.530029,2187.439941,2238.830078,2238.830078,75344550000,0.047,0.0054,0.02118709173678249,0.982,14.07,2133.186007532474,2204.7590605692562,71.57305303678231,2099.581117444684,0.6666948645904922,0.8925031884220761
2017-01-01,2251.570068,2300.98999,2245.129883,2278.870117,2278.870117,70576420000,0.047,0.006500000000000001,0.02087461694196685,0.985,12.85,2155.598947450555,2241.814588784628,86.2156413340731,2128.0409481310444,0.691595813437447,0.8969890670059822
2017-02-01,2285.590088,2371.540039,2271.649902,2363.639893,2363.639893,69260940000,0.046,0.0066,0.02168618914816485,0.963,11.81,2187.605246765854,2302.727240892314,115.12199412645987,2164.8536159915543,0.7369793951486784,0.9048104259860255
2017-03-01,2380.129883,2400.97998,2322.25,2362.719971,2362.719971,81664010000,0.044000000000000004,0.0079,0.02249602763017518,0.9690000000000001,12.54,2214.5459735711074,2332.723605946157,118.1776323750496,2192.782135457526,0.7356977244781572,0.9223198826713797
2017-04-01,2362.340088,2398.159912,2328.949951,2384.199951,2384.199951,65369860000,0.044000000000000004,0.009000000000000001,0.02330413793758283,0.97,12.38,2240.6465854832445,2358.4617784730785,117.81519298983403,2217.8567500993427,0.7469093511466806,0.9302508545557758
2017-05-01,2388.5,2418.709961,2352.719971,2411.800049,2411.800049,79719460000,0.044000000000000004,0.0091,0.023573427906070338,0.971,10.11,2266.9778875627453,2385.1309137365392,118.15302617379393,2245.258111051528,0.7611137911350698,0.9343781408190681
2017-06-01,2415.649902,2453.820068,2405.699951,2423.409912,2423.409912,81078810000,0.043,0.0104,0.023841450324612143,0.95,9.89,2291.0443528607843,2404.27041286827,113.22606000748556,2275.2175433014636,0.7671117115372226,0.9403350220700571
2017-07-01,2431.389893,2484.040039,2407.699951,2470.300049,2470.300049,63348090000,0.043,0.0115,0.024108214121745856,0.934,11.22,2318.6221522668175,2437.285230934135,118.66307866731768,2296.7907536347566,0.7903087669920851,0.9462876984070426
2017-08-01,2477.100098,2490.870117,2417.350098,2471.649902,2471.649902,70784900000,0.044000000000000004,0.0116,0.026059793039292716,0.968,10.09,2342.1648829949995,2454.4675664670676,112.30268347206811,2321.236848180571,0.7909626538817852,0.9474761997833439
2017-09-01,2474.419922,2519.439941,2446.550049,2519.360107,2519.360107,66624120000,0.043,0.0115,0.02800418678531788,0.951,10.13,2369.4256866880764,2486.9138367335336,117.48815004545713,2349.460711560374,0.8133988874606175,0.953893304731841
2017-10-01,2521.199951,2582.97998,2520.399902,2575.26001,2575.26001,71088550000,0.042,0.0115,0.029941434967617666,1.0070000000000001,9.45,2401.092505659142,2531.0869233667668,129.99441770762496,2386.067056431447,0.8359099798558073,0.9593057602577575
2017-11-01,2583.209961,2657.73999,2557.449951,2647.580078,2647.580078,73416960000,0.042,0.0116,0.031060605446782925,0.985,10.2,2439.0136706346584,2589.333500683383,150.31983004872473,2427.2538216355156,0.8597835627645677,0.973137205874945
2017-12-01,2645.100098,2694.969971,2605.52002,2673.610107,2673.610107,65531700000,0.040999999999999995,0.013000000000000001,0.03217615492514967,0.9590000000000001,11.43,2475.10543007548,2631.4718038416913,156.36637376621138,2462.5970098425073,0.8673608136961675,0.9714177668606119
2018-01-01,2683.72998,2872.870117,2682.360107,2823.810059,2823.810059,77318690000,0.04,0.0141,0.03328810094759126,0.9570000000000001,9.77,2528.752296063868,2727.640931420846,198.88863535697783,2509.863558932922,0.9010281138899943,0.9609145414486754
2018-02-01,2816.449951,2835.959961,2532.689941,2713.830078,2713.830078,79933970000,0.040999999999999995,0.014199999999999999,0.033188239463971654,0.997,13.47,2557.225800977119,2720.735504710423,163.50970373330392,2540.0406022775246,0.7491376600167166,0.9122770601369148
2018-03-01,2715.219971,2801.899902,2585.889893,2640.870117,2640.870117,76803890000,0.04,0.0151,0.03308874932567639,1.014,22.47,2570.094157288331,2680.8028108552116,110.70865356688046,2565.5564782381557,0.6676819911744443,0.8211596822921651
2018-04-01,2633.449951,2717.48999,2553.800049,2648.050049,2648.050049,70194700000,0.04,0.0169,0.032989628465220175,0.988,23.62,2582.087371397819,2664.4264299276056,82.3390585297866,2585.7037481523907,0.6715163935323406,0.6934084555328086
2018-05-01,2642.959961,2742.23999,2594.620117,2705.27002,2705.27002,76011820000,0.038,0.017,0.03242356871442829,0.98,15.49,2601.0385481058465,2684.8482249638027,83.80967685795622,2612.020691448842,0.7014636403462495,0.5942627485047468
2018-06-01,2718.699951,2791.469971,2691.98999,2718.370117,2718.370117,77891360000,0.04,0.0182,0.03186046908129415,0.982,13.46,2619.089558704947,2701.609170981901,82.51961227695392,2639.1523708974673,0.7081099105008785,0.5507606450775415
2018-07-01,2704.949951,2848.030029,2698.949951,2816.290039,2816.290039,64898300000,0.038,0.0191,0.03130030640718673,0.9790000000000001,15.6,2649.4280941349557,2758.9496049909503,109.52151085599462,2664.6462619069275,0.7529573631585127,0.5879751024425954
2018-08-01,2821.169922,2916.5,2796.340088,2901.52002,2901.52002,69523070000,0.038,0.0191,0.027925498941927446,0.9620000000000001,13.15,2688.2114673449623,2830.234812495475,142.0233451505128,2699.3081715994454,0.7844099921657268,0.6703897506374927
2018-09-01,2896.959961,2940.909912,2864.120117,2913.97998,2913.97998,63031510000,0.037000000000000005,0.0195,0.024575859475743388,1.001,13.16,2722.9450846765067,2872.1073962477376,149.16231157123093,2728.7890602297566,0.7887003801847828,0.7874664471130997
2018-10-01,2926.290039,2939.860107,2603.540039,2711.73999,2711.73999,91930980000,0.038,0.0219,0.02125110751484537,0.986,12.0,2721.2212239570445,2791.923693123869,70.70246916682436,2739.3327234268286,0.5831958795006775,0.8242890798334086
2018-11-01,2717.580078,2815.149902,2631.090088,2760.169922,2760.169922,80620020000,0.038,0.022000000000000002,0.020333418933918906,0.975,19.34,2727.213331348268,2776.0468075619347,48.83347621366647,2748.7499660621233,0.6097589127254565,0.7742263127733525
2018-12-01,2790.5,2800.179932,2346.580078,2506.850098,2506.850098,84162180000,0.039,0.0227,0.01942067989221225,0.983,16.44,2693.3112954485346,2641.4484527809673,-51.86284266756729,2731.8318131707865,0.4471504310323498,0.6089711608861104
2019-01-01,2476.959961,2708.949951,2443.959961,2704.100098,2704.100098,80859870000,0.04,0.024,0.018512850454525807,0.912,23.22,2694.971111225683,2672.7742753904836,-22.196835835199636,2721.6184581784332,0.5492563752346658,0.5057164874186948
2019-02-01,2702.320068,2813.48999,2681.830078,2784.48999,2784.48999,70638770000,0.038,0.024,0.019525643262471217,0.938,16.14,2708.7432464217322,2728.632132695242,19.888886273509797,2727.2040649607166,0.5834601181950699,0.47263681138703645
2019-03-01,2798.219971,2860.310059,2722.27002,2834.399902,2834.399902,79159660000,0.038,0.0241,0.02053486460334626,0.9840000000000001,13.57,2728.07503958762,2781.516017347621,53.44097776000126,2743.8351565884072,0.6038215720939121,0.5746116177853279
2019-04-01,2848.629883,2949.52002,2848.629883,2945.830078,2945.830078,70090370000,0.037000000000000005,0.0242,0.021540533335291916,0.972,13.4,2761.5758147279857,2863.6730476738103,102.09723294582454,2766.8117126638654,0.645971340245204,0.7020740587513555
2019-05-01,2952.330078,2954.129883,2750.52002,2752.060059,2752.060059,77250740000,0.036000000000000004,0.0239,0.023268377990853555,1.0,14.8,2760.1118523082955,2807.866553336905,47.75470102860936,2770.6997334850525,0.5374916546914268,0.7991898675107204
2019-06-01,2751.530029,2964.149902,2728.810059,2941.76001,2941.76001,71250630000,0.036000000000000004,0.023799999999999998,0.02498906804669775,0.982,18.86,2788.057722722404,2874.8132816684524,86.7555589460485,2788.7027084884458,0.6078281578921625,0.8509535445969089
2019-07-01,2971.409912,3027.97998,2952.219971,2980.379883,2980.379883,70599470000,0.037000000000000005,0.024,0.026702647849291324,0.9840000000000001,14.06,2817.645747380496,2927.5965823342262,109.95083495373046,2801.618463658156,0.6206409515119512,0.8520433361481194
2019-08-01,2980.320068,3013.590088,2822.120117,2926.459961,2926.459961,80269220000,0.036000000000000004,0.0213,0.02841189721863887,0.898,17.87,2834.38639562965,2927.028271667113,92.64187603746313,2804.961858616289,0.5912208517946271,0.8812466194207967
2019-09-01,2909.01001,3021.98999,2891.850098,2976.73999,2976.73999,74178980000,0.035,0.0204,0.030119534075392355,0.932,19.66,2856.286948609704,2951.884130833557,95.597182223853,2811.2676385241607,0.610025893839028,0.8888457580755689
2019-10-01,2983.689941,3050.100098,2855.939941,3037.560059,3037.560059,77720640000,0.036000000000000004,0.0183,0.03182556070035204,0.955,18.56,2884.1751194389803,2994.7220949167786,110.54697547779824,2840.431305597062,0.6323444768870043,0.9075050675656731
2019-11-01,3050.719971,3154.26001,3050.719971,3140.97998,3140.97998,72410620000,0.036000000000000004,0.0155,0.025281992277971437,0.968,12.3,2923.683559525291,3067.8510374583893,144.16747793309833,2871.5053373048513,0.6676301438442508,0.9189016411484853
2019-12-01,3143.850098,3247.929932,3070.330078,3230.780029,3230.780029,72325540000,0.036000000000000004,0.0155,0.018762030512908992,0.993,14.91,2970.929170213708,3149.3155332291944,178.3863630154865,2934.7053718087245,0.6953282664116638,0.9420962224166358
2020-01-01,3244.669922,3337.77002,3214.639893,3225.52002,3225.52002,77287980000,0.036000000000000004,0.0155,0.01226554788967989,0.998,12.47,3010.0969932577527,3187.417776614597,177.32078335684446,2980.7465600873347,0.6916451916029286,0.9446147382345005
2020-02-01,3235.659912,3393.52002,2855.840088,2954.219971,2954.219971,84436590000,0.035,0.0158,-0.01707880709199419,1.01,17.97,3001.5005282950215,3070.8188738072986,69.31834551227712,2993.5621705193767,0.532838668991037,0.8639783421612787
2020-03-01,2974.280029,3136.719971,2191.860107,2584.590088,2584.590088,162185380000,0.044000000000000004,0.006500000000000001,-0.04626174769550478,0.8909999999999999,33.42,2937.360460557326,2827.7044809036493,-109.6559796536767,2939.2897187681933,0.39726600252308303,0.7061374126259434
2020-04-01,2498.080078,2954.860107,2447.48999,2912.429932,2912.429932,123608160000,0.14800000000000002,0.0005,-0.07528460210503718,0.718,57.06,2933.5249946254294,2870.067206451825,-63.45778817360451,2935.668810001415,0.51633622934289,0.5409915417752302
2020-05-01,2869.090088,3068.669922,2766.639893,3044.310059,3044.310059,107135190000,0.132,0.0005,-0.054934291724843785,0.723,37.19,2950.5688506830556,2957.1886327259126,6.6197820428569685,2959.726021346729,0.554921396996285,0.4870047607673916
2020-06-01,3038.780029,3233.129883,2965.659912,3100.290039,3100.290039,131458880000,0.11,0.0008,-0.03473643150584631,0.7809999999999999,28.23,2973.6028796548935,3028.739335862956,55.136456208062555,2977.155615342231,0.5707776689642118,0.5518287489267582
2020-07-01,3105.919922,3279.98999,3101.169922,3271.120117,3271.120117,96928130000,0.102,0.0009,-0.01468931476716716,0.725,28.62,3019.374762323371,3149.9297264314782,130.55496410810701,3001.5238313267346,0.6162861187361564,0.6738215735456963
2020-08-01,3288.26001,3514.77002,3284.530029,3500.310059,3500.310059,82466520000,0.084,0.001,-0.013398342287643049,0.741,24.28,3093.3648079659292,3325.1198927157393,231.75508474981007,3042.10274336013,0.6678313148865989,0.7857468858511879
2020-09-01,3507.439941,3588.110107,3209.449951,3363.0,3363.0,92310780000,0.078,0.0009,-0.012112865807180871,0.804,26.12,3134.84714520194,3344.0599463578696,209.2128011559298,3071.3085095298234,0.6139305085997298,0.8591877163137737
2020-10-01,3385.870117,3549.850098,3233.939941,3269.959961,3269.959961,89938980000,0.068,0.0009,-0.010832850303525961,0.818,26.7,3155.6337322477953,3307.009953678935,151.37622143113958,3088.4905511774004,0.5793654598758212,0.8854622119505541
2020-11-01,3296.199951,3645.98999,3279.73999,3621.629883,3621.629883,101247180000,0.067,0.0009,-0.002060678916442645,0.769,37.13,3227.325447748134,3464.319918339467,236.99447059133308,3129.5753441147217,0.6586178944983005,0.8800147257809867
2020-12-01,3645.870117,3760.199951,3633.399902,3756.070068,3756.070068,96375680000,0.067,0.0009,0.006791925152797335,0.807,20.77,3308.6707739407293,3610.1949931697336,301.5242192290043,3172.180167524967,0.6834881417991333,0.8829319867207972
2021-01-01,3764.610107,3870.899902,3662.709961,3714.23999,3714.23999,106117800000,0.064,0.0009,0.01572607323888217,0.79,26.97,3371.0660379498477,3662.217491584867,291.15145363501915,3214.0882493725803,0.6669947527857119,0.9094040461061836
2021-02-01,3731.169922,3950.429932,3725.620117,3811.149902,3811.149902,99082320000,0.062,0.0008,0.048449344014147355,0.768,30.24,3438.771247803717,3736.6836967924337,297.91244898871673,3277.012818079154,0.6861367592511581,0.9226694645533996
2021-03-01,3842.51001,3994.409912,3723.340088,3972.889893,3972.889893,122371150000,0.061,0.0007000000000000001,0.08298967094918001,0.8490000000000001,23.35,3520.9433470646836,3854.7867948962166,333.843447831533,3435.0990281195395,0.7158730371680342,0.9160432465510201
2021-04-01,3992.780029,4218.779785,3992.780029,4181.169922,4181.169922,83124090000,0.061,0.0007000000000000001,0.11950272211519618,0.883,17.33,3622.5166662855017,4017.9783584481083,395.4616921626066,3539.8708020789236,0.7492472229780438,0.9114853292579785
2021-05-01,4191.97998,4238.040039,4056.879883,4204.109863,4204.109863,88321860000,0.057999999999999996,0.0006,0.09424018134069576,0.8290000000000001,18.31,3711.9925427031167,4111.044110724054,399.05156802093734,3633.80603763439,0.7527369438530773,0.932830601249715
2021-06-01,4216.52002,4302.430176,4164.399902,4297.5,4297.5,102544180000,0.059000000000000004,0.0008,0.07022015238501195,0.855,17.9,3802.070613056483,4204.2720553620275,402.20144230554433,3752.8532082942,0.7671300855319437,0.9586674238869172
2021-07-01,4300.72998,4429.970215,4233.129883,4395.259766,4395.259766,84255620000,0.054000000000000006,0.001,0.04735316794710937,0.812,15.48,3893.330482740101,4299.765910681013,406.4354279409122,3840.66343308961,0.7816447721515661,0.9736685560466644
2021-08-01,4406.859863,4537.359863,4367.72998,4522.680176,4522.680176,80500760000,0.051,0.0009,0.04965480656461077,0.703,19.46,3990.1535124723932,4411.223043340507,421.06953086811336,3913.0516021655667,0.7994212834681516,0.9784808844599904
2021-09-01,4528.799805,4545.850098,4305.910156,4307.540039,4307.540039,85528860000,0.047,0.0008,0.05194066930975704,0.728,16.11,4038.982208861256,4359.3815411702535,320.3993323089976,3987.2267906122815,0.6951776075208101,0.9516590152820761
2021-10-01,4317.160156,4608.080078,4278.939941,4605.379883,4605.379883,80253600000,0.045,0.0008,0.0542109178248657,0.7170000000000001,21.15,4126.120312574909,4482.380712085127,356.2603995102181,4088.242037674512,0.7453309705523796,0.9270637837125268
2021-11-01,4610.620117,4743.830078,4560.0,4567.0,4567.0,88268840000,0.040999999999999995,0.0008,0.0479714239209317,0.674,16.41,4193.9479567941535,4524.6903560425635,330.74239924841004,4168.387992234221,0.7284816944390141,0.8831587708465304
2021-12-01,4602.819824,4808.930176,4495.120117,4766.180176,4766.180176,92750180000,0.039,0.0008,0.04178494896994988,0.706,31.12,4281.983682825822,4645.435266021282,363.45158319545953,4253.897924899596,0.759289334984802,0.8928863982212318
2022-01-01,4778.140137,4818.620117,4222.620117,4515.549805,4515.549805,95562890000,0.04,0.0008,0.035650820052708414,0.672,16.6,4317.91693239108,4580.492535510641,262.5756031195606,4328.516265897484,0.6569652503396911,0.8557319445191418
2022-02-01,4519.569824,4595.310059,4114.649902,4373.939941,4373.939941,92667710000,0.038,0.0008,0.029945603634888907,0.628,21.96,4326.535856792452,4477.21623825532,150.68038146286744,4379.12173114757,0.6065796139259856,0.7850936184666472
2022-03-01,4363.140137,4637.299805,4157.870117,4530.410156,4530.410156,123546260000,0.036000000000000004,0.002,0.024297610665202814,0.594,33.32,4357.901133593614,4503.81319712766,145.91206353404596,4441.457124602426,0.6398722141158322,0.6506230340035394
2022-04-01,4540.319824,4593.450195,4124.279785,4131.930176,4131.930176,90367840000,0.037000000000000005,0.0033,0.018705984510977717,0.652,19.63,4323.136370886904,4317.87168656383,-5.264684323074107,4435.721722643671,0.5180728372762597,0.4958442628024877
2022-05-01,4130.609863,4307.660156,3810.320068,4132.149902,4132.149902,108860390000,0.036000000000000004,0.0077,0.018178526277994538,0.584,32.34,4293.753837211995,4225.010794281915,-68.74304293008026,4424.531182462406,0.5181280128678383,0.38653776301681747
2022-06-01,4149.779785,4177.509766,3636.870117,3785.379883,3785.379883,106116710000,0.036000000000000004,0.0121,0.01765391623056351,0.5,25.69,4215.542459640919,4005.1953386409577,-210.3471209999616,4375.980361008658,0.43281479146668256,0.26524262244438346
2022-07-01,3781.0,4140.149902,3721.560059,4130.290039,4130.290039,81688320000,0.035,0.0168,0.017132131361220337,0.515,26.7,4202.426702619239,4067.742688820479,-134.68401379876013,4356.7154735635695,0.518788937657704,0.25178901385996666
2022-08-01,4112.379883,4325.279785,3954.530029,3955.0,3955.0,92252350000,0.036000000000000004,0.0233,0.013553925764661492,0.5820000000000001,22.84,4164.361056062433,4011.3713444102395,-152.98971165219336,4312.404832430323,0.47857019932464767,0.2382427846337728
2022-09-01,3936.72998,4119.279785,3584.129883,3585.620117,3585.620117,94241020000,0.035,0.0256,0.010015743433085445,0.586,25.56,4075.3239885143666,3798.49573070512,-276.8282578092467,4253.030795179248,0.4061826792606591,0.26252566378242237
2022-10-01,3609.780029,3905.419922,3491.580078,3871.97998,3871.97998,95823760000,0.036000000000000004,0.0308,0.006516916593409237,0.599,30.1,4044.0402948967717,3835.23785535256,-208.80243954421167,4197.279633480925,0.47352983776562374,0.23364172777364
2022-11-01,3901.790039,4080.110107,3698.149902,4080.110107,4080.110107,92671910000,0.036000000000000004,0.0378,0.01005922373014361,0.5670000000000001,25.81,4049.5894967588065,3957.67398117628,-91.9155155825265,4159.996074013311,0.5169663702109091,0.2374747968880126
2022-12-01,4087.139893,4100.959961,3764.48999,3839.5,3839.5,85249330000,0.035,0.040999999999999995,0.013613322878177464,0.598,19.84,4017.26803571899,3898.58699058814,-118.68104513085018,4087.9147410315745,0.4682447440979072,0.29008664951787355
2023-01-01,3853.290039,4094.209961,3794.330078,4076.600098,4076.600098,80763810000,0.034,0.0433,0.017179273017444298,0.649,22.9,4026.396045300684,3987.59354429407,-38.802501006613966,4051.4018480442173,0.5171625386219529,0.3932776347724255
2023-02-01,4070.070068,4195.439941,3943.080078,3970.149902,3970.149902,80392280000,0.036000000000000004,0.045700000000000005,0.01939232197784127,0.669,17.87,4017.742792485194,3978.871723147035,-38.87106933815903,4019.2271723869976,0.49486558048864926,0.4760107864808047
2023-03-01,3963.340088,4110.75,3808.860107,4109.310059,4109.310059,113094800000,0.035,0.04650000000000001,0.021607457186335253,0.62,20.58,4031.830064256703,4044.090891073518,12.260826816815097,3971.9995520659118,0.5241251745014132,0.571038309254521
2023-04-01,4102.200195,4170.060059,4049.350098,4169.47998,4169.47998,70861260000,0.034,0.0483,0.023824681594386568,0.637,18.55,4053.0069743710565,4106.785435536759,53.77846116570254,3971.5831578293387,0.536781292530483,0.6373669042946789
2023-05-01,4166.790039,4231.100098,4048.280029,4179.830078,4179.830078,88929200000,0.037000000000000005,0.0506,0.02564736170036598,0.59,16.08,4072.5182210832018,4143.3077567683795,70.78953568517773,3972.5441487515313,0.5390815974875065,0.7366161131441552
2023-06-01,4183.029785,4458.47998,4171.640137,4450.379883,4450.379883,87983140000,0.036000000000000004,0.0508,0.02746207378432076,0.642,15.65,4130.650784455017,4296.8438198841895,166.1930354291726,4030.726089406463,0.596255434441786,0.8164737880052964
2023-07-01,4450.47998,4607.069824,4385.049805,4588.959961,4588.959961,75063200000,0.035,0.0512,0.029268869981759343,0.715,13.57,4201.15988853886,4442.901890442095,241.74200190323427,4062.6647791379337,0.6224262479981771,0.9025032551088691
2023-08-01,4578.830078,4584.620117,4335.310059,4507.660156,4507.660156,86840820000,0.038,0.0533,0.029807489160555405,0.6940000000000001,13.93,4248.313775840574,4475.281023221047,226.96724738047305,4108.843523632143,0.5976336060830011,0.9435001092502142
2023-09-01,4530.600098,4541.25,4238.629883,4288.049805,4288.049805,73482980000,0.038,0.0533,0.030343836292806053,0.679,13.09,4254.42701109587,4381.665414110523,127.23840301465316,4169.433472611194,0.5348535557575885,0.9139614964980787
2023-10-01,4284.52002,4393.569824,4103.779785,4193.799805,4193.799805,83519460000,0.038,0.0533,0.030877925724447013,0.638,17.61,4245.099748619582,4287.732609555262,42.63286093567967,4199.406588741444,0.5097816161896992,0.8105590419863011
2023-11-01,4201.27002,4587.640137,4197.740234,4567.799805,4567.799805,80970570000,0.037000000000000005,0.0533,0.028984938651922417,0.613,16.87,4294.745911139646,4427.766207277631,133.0202961379855,4240.000747524956,0.5924774284433688,0.7202053189155747
2023-12-01,4559.430176,4793.299805,4546.5,4769.830078,4769.830078,81530670000,0.037000000000000005,0.0533,0.027098947107451483,0.6970000000000001,12.63,4367.8357829643155,4598.798142638816,230.96235967450048,4317.075971402598,0.6293259074245853,0.7126481356802751
